chain_id,residue_number,residue_name,b_factor,pdb_code
R,12,ILE,12.0,4YAY
R,13,LEU,13.0,4YAY
R,14,ASN,14.0,4YAY
R,15,SER,15.0,4YAY
R,16,SER,16.0,4YAY
R,17,ASP,17.0,4YAY
R,18,CYS,18.0,4YAY
R,19,PRO,19.0,4YAY
R,20,LYS,20.0,4YAY
R,21,ALA,21.0,4YAY
R,22,GLY,22.0,4YAY
R,23,ARG,23.0,4YAY
R,24,HIS,1.28,4YAY
R,25,ASN,1.29,4YAY
R,26,TYR,1.3,4YAY
R,27,ILE,1.31,4YAY
R,28,PHE,1.32,4YAY
R,29,VAL,1.33,4YAY
R,30,MET,1.34,4YAY
R,31,ILE,1.35,4YAY
R,32,PRO,1.36,4YAY
R,33,THR,1.37,4YAY
R,34,LEU,1.38,4YAY
R,35,TYR,1.39,4YAY
R,36,SER,1.4,4YAY
R,37,ILE,1.41,4YAY
R,38,ILE,1.42,4YAY
R,39,PHE,1.43,4YAY
R,40,VAL,1.44,4YAY
R,41,VAL,1.45,4YAY
R,42,GLY,1.46,4YAY
R,43,ILE,1.47,4YAY
R,44,PHE,1.48,4YAY
R,45,GLY,1.49,4YAY
R,46,ASN,1.5,4YAY
R,47,SER,1.51,4YAY
R,48,LEU,1.52,4YAY
R,49,VAL,1.53,4YAY
R,50,VAL,1.54,4YAY
R,51,ILE,1.55,4YAY
R,52,VAL,1.56,4YAY
R,53,ILE,1.57,4YAY
R,54,TYR,1.58,4YAY
R,55,PHE,1.59,4YAY
R,56,TYR,1.6,4YAY
R,57,MET,12.48,4YAY
R,58,LYS,12.49,4YAY
R,59,LEU,12.5,4YAY
R,60,LYS,12.51,4YAY
R,61,THR,2.37,4YAY
R,62,VAL,2.38,4YAY
R,63,ALA,2.39,4YAY
R,64,SER,2.4,4YAY
R,65,VAL,2.41,4YAY
R,66,PHE,2.42,4YAY
R,67,LEU,2.43,4YAY
R,68,LEU,2.44,4YAY
R,69,ASN,2.45,4YAY
R,70,LEU,2.46,4YAY
R,71,ALA,2.47,4YAY
R,72,LEU,2.48,4YAY
R,73,ALA,2.49,4YAY
R,74,ASP,2.5,4YAY
R,75,LEU,2.51,4YAY
R,76,CYS,2.52,4YAY
R,77,PHE,2.53,4YAY
R,78,LEU,2.54,4YAY
R,79,LEU,2.55,4YAY
R,80,THR,2.56,4YAY
R,81,LEU,2.57,4YAY
R,82,PRO,2.58,4YAY
R,83,LEU,2.59,4YAY
R,84,TRP,2.6,4YAY
R,85,ALA,2.61,4YAY
R,86,VAL,2.62,4YAY
R,87,TYR,2.63,4YAY
R,88,THR,2.64,4YAY
R,89,ALA,2.65,4YAY
R,90,MET,2.66,4YAY
R,91,GLU,2.67,4YAY
R,92,TYR,92.0,4YAY
R,93,ARG,23.49,4YAY
R,94,TRP,23.5,4YAY
R,95,PRO,23.51,4YAY
R,96,PHE,23.52,4YAY
R,97,GLY,3.21,4YAY
R,98,ASN,3.22,4YAY
R,99,TYR,3.23,4YAY
R,100,LEU,3.24,4YAY
R,101,CYS,3.25,4YAY
R,102,LYS,3.26,4YAY
R,103,ILE,3.27,4YAY
R,104,ALA,3.28,4YAY
R,105,SER,3.29,4YAY
R,106,ALA,3.3,4YAY
R,107,SER,3.31,4YAY
R,108,VAL,3.32,4YAY
R,109,SER,3.33,4YAY
R,110,PHE,3.34,4YAY
R,111,ASN,3.35,4YAY
R,112,LEU,3.36,4YAY
R,113,TYR,3.37,4YAY
R,114,ALA,3.38,4YAY
R,115,SER,3.39,4YAY
R,116,VAL,3.4,4YAY
R,117,PHE,3.41,4YAY
R,118,LEU,3.42,4YAY
R,119,LEU,3.43,4YAY
R,120,THR,3.44,4YAY
R,121,CYS,3.45,4YAY
R,122,LEU,3.46,4YAY
R,123,SER,3.47,4YAY
R,124,ILE,3.48,4YAY
R,125,ASP,3.49,4YAY
R,126,ARG,3.5,4YAY
R,127,TYR,3.51,4YAY
R,128,LEU,3.52,4YAY
R,129,ALA,3.53,4YAY
R,130,ILE,3.54,4YAY
R,131,VAL,3.55,4YAY
R,132,HIS,3.56,4YAY
R,133,PRO,34.5,4YAY
R,134,MET,34.51,4YAY
R,135,LYS,34.52,4YAY
R,136,SER,34.53,4YAY
R,137,ARG,34.54,4YAY
R,138,LEU,34.55,4YAY
R,139,ARG,34.56,4YAY
R,140,ARG,34.57,4YAY
R,141,THR,4.38,4YAY
R,142,MET,4.39,4YAY
R,143,LEU,4.4,4YAY
R,144,VAL,4.41,4YAY
R,145,ALA,4.42,4YAY
R,146,LYS,4.43,4YAY
R,147,VAL,4.44,4YAY
R,148,THR,4.45,4YAY
R,149,CYS,4.46,4YAY
R,150,ILE,4.47,4YAY
R,151,ILE,4.48,4YAY
R,152,ILE,4.49,4YAY
R,153,TRP,4.5,4YAY
R,154,LEU,4.51,4YAY
R,155,LEU,4.52,4YAY
R,156,ALA,4.53,4YAY
R,157,GLY,4.54,4YAY
R,158,LEU,4.55,4YAY
R,159,ALA,4.56,4YAY
R,160,SER,4.57,4YAY
R,161,LEU,4.58,4YAY
R,162,PRO,4.59,4YAY
R,163,ALA,4.6,4YAY
R,164,ILE,4.61,4YAY
R,165,ILE,4.62,4YAY
R,166,HIS,4.63,4YAY
R,167,ARG,4.64,4YAY
R,168,ASN,168.0,4YAY
R,169,VAL,169.0,4YAY
R,170,PHE,170.0,4YAY
R,171,PHE,171.0,4YAY
R,172,ILE,172.0,4YAY
R,177,ILE,177.0,4YAY
R,178,THR,178.0,4YAY
R,179,VAL,179.0,4YAY
R,180,CYS,45.5,4YAY
R,181,ALA,45.51,4YAY
R,182,PHE,45.52,4YAY
R,183,HIS,183.0,4YAY
R,184,TYR,184.0,4YAY
R,185,GLU,185.0,4YAY
R,190,THR,190.0,4YAY
R,191,LEU,5.34,4YAY
R,192,PRO,5.35,4YAY
R,193,ILE,5.36,4YAY
R,194,GLY,5.37,4YAY
R,195,LEU,5.38,4YAY
R,196,GLY,5.39,4YAY
R,197,LEU,5.4,4YAY
R,198,THR,5.41,4YAY
R,199,LYS,5.42,4YAY
R,200,ASN,5.43,4YAY
R,201,ILE,5.44,4YAY
R,202,LEU,5.45,4YAY
R,203,GLY,5.46,4YAY
R,204,PHE,5.47,4YAY
R,205,LEU,5.48,4YAY
R,206,PHE,5.49,4YAY
R,207,PRO,5.5,4YAY
R,208,PHE,5.51,4YAY
R,209,LEU,5.52,4YAY
R,210,ILE,5.53,4YAY
R,211,ILE,5.54,4YAY
R,212,LEU,5.55,4YAY
R,213,THR,5.56,4YAY
R,214,SER,5.57,4YAY
R,215,TYR,5.58,4YAY
R,216,THR,5.59,4YAY
R,217,LEU,5.6,4YAY
R,218,ILE,5.61,4YAY
R,219,TRP,5.62,4YAY
R,220,LYS,5.63,4YAY
R,221,ALA,5.64,4YAY
R,222,LEU,5.65,4YAY
R,223,LYS,5.66,4YAY
R,224,LYS,5.67,4YAY
R,235,ASN,6.3,4YAY
R,236,ASP,6.31,4YAY
R,237,ASP,6.32,4YAY
R,238,ILE,6.33,4YAY
R,239,PHE,6.34,4YAY
R,240,LYS,6.35,4YAY
R,241,ILE,6.36,4YAY
R,242,ILE,6.37,4YAY
R,243,MET,6.38,4YAY
R,244,ALA,6.39,4YAY
R,245,ILE,6.4,4YAY
R,246,VAL,6.41,4YAY
R,247,LEU,6.42,4YAY
R,248,PHE,6.43,4YAY
R,249,PHE,6.44,4YAY
R,250,PHE,6.45,4YAY
R,251,PHE,6.46,4YAY
R,252,SER,6.47,4YAY
R,253,TRP,6.48,4YAY
R,254,ILE,6.49,4YAY
R,255,PRO,6.5,4YAY
R,256,HIS,6.51,4YAY
R,257,GLN,6.52,4YAY
R,258,ILE,6.53,4YAY
R,259,PHE,6.54,4YAY
R,260,THR,6.55,4YAY
R,261,PHE,6.56,4YAY
R,262,LEU,6.57,4YAY
R,263,ASP,6.58,4YAY
R,264,VAL,6.59,4YAY
R,265,LEU,6.6,4YAY
R,266,ILE,6.61,4YAY
R,267,GLN,6.62,4YAY
R,268,LEU,6.63,4YAY
R,269,GLY,6.64,4YAY
R,270,ILE,270.0,4YAY
R,271,ILE,271.0,4YAY
R,272,ARG,272.0,4YAY
R,273,ASP,7.24,4YAY
R,274,CYS,7.25,4YAY
R,275,ARG,7.26,4YAY
R,276,ILE,7.27,4YAY
R,277,ALA,7.28,4YAY
R,278,ASP,7.29,4YAY
R,279,ILE,7.3,4YAY
R,280,VAL,7.31,4YAY
R,281,ASP,7.32,4YAY
R,282,THR,7.33,4YAY
R,283,ALA,7.34,4YAY
R,284,MET,7.35,4YAY
R,285,PRO,7.36,4YAY
R,286,ILE,7.37,4YAY
R,287,THR,7.38,4YAY
R,288,ILE,7.39,4YAY
R,289,CYS,7.4,4YAY
R,290,ILE,7.41,4YAY
R,291,ALA,7.42,4YAY
R,292,TYR,7.43,4YAY
R,293,PHE,7.44,4YAY
R,294,ASN,7.45,4YAY
R,295,ASN,7.46,4YAY
R,296,CYS,7.47,4YAY
R,297,LEU,7.48,4YAY
R,298,ASN,7.49,4YAY
R,299,PRO,7.5,4YAY
R,300,LEU,7.51,4YAY
R,301,PHE,7.52,4YAY
R,302,TYR,7.53,4YAY
R,303,GLY,7.54,4YAY
R,304,PHE,7.55,4YAY
R,305,LEU,7.56,4YAY
R,306,GLY,8.47,4YAY
R,307,LYS,8.48,4YAY
R,308,LYS,8.49,4YAY
R,309,PHE,8.5,4YAY
R,310,LYS,8.51,4YAY
R,311,ARG,8.52,4YAY
R,312,TYR,8.53,4YAY
R,313,PHE,8.54,4YAY
R,314,LEU,8.55,4YAY
R,315,GLN,8.56,4YAY
R,316,LEU,8.57,4YAY
R,317,LEU,8.58,4YAY
R,12,ILE,12.0,4ZUD
R,13,LEU,13.0,4ZUD
R,14,ASN,14.0,4ZUD
R,15,SER,15.0,4ZUD
R,16,SER,16.0,4ZUD
R,17,ASP,17.0,4ZUD
R,18,CYS,18.0,4ZUD
R,19,PRO,19.0,4ZUD
R,20,LYS,20.0,4ZUD
R,21,ALA,21.0,4ZUD
R,22,GLY,22.0,4ZUD
R,23,ARG,23.0,4ZUD
R,24,HIS,1.28,4ZUD
R,25,ASN,1.29,4ZUD
R,26,TYR,1.3,4ZUD
R,27,ILE,1.31,4ZUD
R,28,PHE,1.32,4ZUD
R,29,VAL,1.33,4ZUD
R,30,MET,1.34,4ZUD
R,31,ILE,1.35,4ZUD
R,32,PRO,1.36,4ZUD
R,33,THR,1.37,4ZUD
R,34,LEU,1.38,4ZUD
R,35,TYR,1.39,4ZUD
R,36,SER,1.4,4ZUD
R,37,ILE,1.41,4ZUD
R,38,ILE,1.42,4ZUD
R,39,PHE,1.43,4ZUD
R,40,VAL,1.44,4ZUD
R,41,VAL,1.45,4ZUD
R,42,GLY,1.46,4ZUD
R,43,ILE,1.47,4ZUD
R,44,PHE,1.48,4ZUD
R,45,GLY,1.49,4ZUD
R,46,ASN,1.5,4ZUD
R,47,SER,1.51,4ZUD
R,48,LEU,1.52,4ZUD
R,49,VAL,1.53,4ZUD
R,50,VAL,1.54,4ZUD
R,51,ILE,1.55,4ZUD
R,52,VAL,1.56,4ZUD
R,53,ILE,1.57,4ZUD
R,54,TYR,1.58,4ZUD
R,55,PHE,1.59,4ZUD
R,56,TYR,1.6,4ZUD
R,57,MET,12.48,4ZUD
R,58,LYS,12.49,4ZUD
R,59,LEU,12.5,4ZUD
R,60,LYS,12.51,4ZUD
R,61,THR,2.37,4ZUD
R,62,VAL,2.38,4ZUD
R,63,ALA,2.39,4ZUD
R,64,SER,2.4,4ZUD
R,65,VAL,2.41,4ZUD
R,66,PHE,2.42,4ZUD
R,67,LEU,2.43,4ZUD
R,68,LEU,2.44,4ZUD
R,69,ASN,2.45,4ZUD
R,70,LEU,2.46,4ZUD
R,71,ALA,2.47,4ZUD
R,72,LEU,2.48,4ZUD
R,73,ALA,2.49,4ZUD
R,74,ASP,2.5,4ZUD
R,75,LEU,2.51,4ZUD
R,76,CYS,2.52,4ZUD
R,77,PHE,2.53,4ZUD
R,78,LEU,2.54,4ZUD
R,79,LEU,2.55,4ZUD
R,80,THR,2.56,4ZUD
R,81,LEU,2.57,4ZUD
R,82,PRO,2.58,4ZUD
R,83,LEU,2.59,4ZUD
R,84,TRP,2.6,4ZUD
R,85,ALA,2.61,4ZUD
R,86,VAL,2.62,4ZUD
R,87,TYR,2.63,4ZUD
R,88,THR,2.64,4ZUD
R,89,ALA,2.65,4ZUD
R,90,MET,2.66,4ZUD
R,91,GLU,2.67,4ZUD
R,92,TYR,92.0,4ZUD
R,93,ARG,23.49,4ZUD
R,94,TRP,23.5,4ZUD
R,95,PRO,23.51,4ZUD
R,96,PHE,23.52,4ZUD
R,97,GLY,3.21,4ZUD
R,98,ASN,3.22,4ZUD
R,99,TYR,3.23,4ZUD
R,100,LEU,3.24,4ZUD
R,101,CYS,3.25,4ZUD
R,102,LYS,3.26,4ZUD
R,103,ILE,3.27,4ZUD
R,104,ALA,3.28,4ZUD
R,105,SER,3.29,4ZUD
R,106,ALA,3.3,4ZUD
R,107,SER,3.31,4ZUD
R,108,VAL,3.32,4ZUD
R,109,SER,3.33,4ZUD
R,110,PHE,3.34,4ZUD
R,111,ASN,3.35,4ZUD
R,112,LEU,3.36,4ZUD
R,113,TYR,3.37,4ZUD
R,114,ALA,3.38,4ZUD
R,115,SER,3.39,4ZUD
R,116,VAL,3.4,4ZUD
R,117,PHE,3.41,4ZUD
R,118,LEU,3.42,4ZUD
R,119,LEU,3.43,4ZUD
R,120,THR,3.44,4ZUD
R,121,CYS,3.45,4ZUD
R,122,LEU,3.46,4ZUD
R,123,SER,3.47,4ZUD
R,124,ILE,3.48,4ZUD
R,125,ASP,3.49,4ZUD
R,126,ARG,3.5,4ZUD
R,127,TYR,3.51,4ZUD
R,128,LEU,3.52,4ZUD
R,129,ALA,3.53,4ZUD
R,130,ILE,3.54,4ZUD
R,131,VAL,3.55,4ZUD
R,132,HIS,3.56,4ZUD
R,133,PRO,34.5,4ZUD
R,141,THR,4.38,4ZUD
R,142,MET,4.39,4ZUD
R,143,LEU,4.4,4ZUD
R,144,VAL,4.41,4ZUD
R,145,ALA,4.42,4ZUD
R,146,LYS,4.43,4ZUD
R,147,VAL,4.44,4ZUD
R,148,THR,4.45,4ZUD
R,149,CYS,4.46,4ZUD
R,150,ILE,4.47,4ZUD
R,151,ILE,4.48,4ZUD
R,152,ILE,4.49,4ZUD
R,153,TRP,4.5,4ZUD
R,154,LEU,4.51,4ZUD
R,155,LEU,4.52,4ZUD
R,156,ALA,4.53,4ZUD
R,157,GLY,4.54,4ZUD
R,158,LEU,4.55,4ZUD
R,159,ALA,4.56,4ZUD
R,160,SER,4.57,4ZUD
R,161,LEU,4.58,4ZUD
R,162,PRO,4.59,4ZUD
R,163,ALA,4.6,4ZUD
R,164,ILE,4.61,4ZUD
R,165,ILE,4.62,4ZUD
R,166,HIS,4.63,4ZUD
R,167,ARG,4.64,4ZUD
R,168,ASN,168.0,4ZUD
R,169,VAL,169.0,4ZUD
R,170,PHE,170.0,4ZUD
R,171,PHE,171.0,4ZUD
R,172,ILE,172.0,4ZUD
R,173,GLU,173.0,4ZUD
R,174,ASN,174.0,4ZUD
R,175,THR,175.0,4ZUD
R,176,ASN,176.0,4ZUD
R,177,ILE,177.0,4ZUD
R,178,THR,178.0,4ZUD
R,179,VAL,179.0,4ZUD
R,180,CYS,45.5,4ZUD
R,181,ALA,45.51,4ZUD
R,182,PHE,45.52,4ZUD
R,183,HIS,183.0,4ZUD
R,184,TYR,184.0,4ZUD
R,185,GLU,185.0,4ZUD
R,189,SER,189.0,4ZUD
R,190,THR,190.0,4ZUD
R,191,LEU,5.34,4ZUD
R,192,PRO,5.35,4ZUD
R,193,ILE,5.36,4ZUD
R,194,GLY,5.37,4ZUD
R,195,LEU,5.38,4ZUD
R,196,GLY,5.39,4ZUD
R,197,LEU,5.4,4ZUD
R,198,THR,5.41,4ZUD
R,199,LYS,5.42,4ZUD
R,200,ASN,5.43,4ZUD
R,201,ILE,5.44,4ZUD
R,202,LEU,5.45,4ZUD
R,203,GLY,5.46,4ZUD
R,204,PHE,5.47,4ZUD
R,205,LEU,5.48,4ZUD
R,206,PHE,5.49,4ZUD
R,207,PRO,5.5,4ZUD
R,208,PHE,5.51,4ZUD
R,209,LEU,5.52,4ZUD
R,210,ILE,5.53,4ZUD
R,211,ILE,5.54,4ZUD
R,212,LEU,5.55,4ZUD
R,213,THR,5.56,4ZUD
R,214,SER,5.57,4ZUD
R,215,TYR,5.58,4ZUD
R,216,THR,5.59,4ZUD
R,217,LEU,5.6,4ZUD
R,218,ILE,5.61,4ZUD
R,219,TRP,5.62,4ZUD
R,220,LYS,5.63,4ZUD
R,221,ALA,5.64,4ZUD
R,222,LEU,5.65,4ZUD
R,235,ASN,6.3,4ZUD
R,236,ASP,6.31,4ZUD
R,237,ASP,6.32,4ZUD
R,238,ILE,6.33,4ZUD
R,239,PHE,6.34,4ZUD
R,240,LYS,6.35,4ZUD
R,241,ILE,6.36,4ZUD
R,242,ILE,6.37,4ZUD
R,243,MET,6.38,4ZUD
R,244,ALA,6.39,4ZUD
R,245,ILE,6.4,4ZUD
R,246,VAL,6.41,4ZUD
R,247,LEU,6.42,4ZUD
R,248,PHE,6.43,4ZUD
R,249,PHE,6.44,4ZUD
R,250,PHE,6.45,4ZUD
R,251,PHE,6.46,4ZUD
R,252,SER,6.47,4ZUD
R,253,TRP,6.48,4ZUD
R,254,ILE,6.49,4ZUD
R,255,PRO,6.5,4ZUD
R,256,HIS,6.51,4ZUD
R,257,GLN,6.52,4ZUD
R,258,ILE,6.53,4ZUD
R,259,PHE,6.54,4ZUD
R,260,THR,6.55,4ZUD
R,261,PHE,6.56,4ZUD
R,262,LEU,6.57,4ZUD
R,263,ASP,6.58,4ZUD
R,264,VAL,6.59,4ZUD
R,265,LEU,6.6,4ZUD
R,266,ILE,6.61,4ZUD
R,267,GLN,6.62,4ZUD
R,268,LEU,6.63,4ZUD
R,269,GLY,6.64,4ZUD
R,270,ILE,270.0,4ZUD
R,271,ILE,271.0,4ZUD
R,272,ARG,272.0,4ZUD
R,273,ASP,7.24,4ZUD
R,274,CYS,7.25,4ZUD
R,275,ARG,7.26,4ZUD
R,276,ILE,7.27,4ZUD
R,277,ALA,7.28,4ZUD
R,278,ASP,7.29,4ZUD
R,279,ILE,7.3,4ZUD
R,280,VAL,7.31,4ZUD
R,281,ASP,7.32,4ZUD
R,282,THR,7.33,4ZUD
R,283,ALA,7.34,4ZUD
R,284,MET,7.35,4ZUD
R,285,PRO,7.36,4ZUD
R,286,ILE,7.37,4ZUD
R,287,THR,7.38,4ZUD
R,288,ILE,7.39,4ZUD
R,289,CYS,7.4,4ZUD
R,290,ILE,7.41,4ZUD
R,291,ALA,7.42,4ZUD
R,292,TYR,7.43,4ZUD
R,293,PHE,7.44,4ZUD
R,294,ASN,7.45,4ZUD
R,295,ASN,7.46,4ZUD
R,296,CYS,7.47,4ZUD
R,297,LEU,7.48,4ZUD
R,298,ASN,7.49,4ZUD
R,299,PRO,7.5,4ZUD
R,300,LEU,7.51,4ZUD
R,301,PHE,7.52,4ZUD
R,302,TYR,7.53,4ZUD
R,303,GLY,7.54,4ZUD
R,304,PHE,7.55,4ZUD
R,9,ASP,9.0,6DO1
R,10,GLY,10.0,6DO1
R,11,ILE,11.0,6DO1
R,12,LYS,12.0,6DO1
R,13,ARG,13.0,6DO1
R,14,ILE,14.0,6DO1
R,15,GLN,15.0,6DO1
R,16,ASP,40.09,6DO1
R,17,ASP,17.0,6DO1
R,18,CYS,18.0,6DO1
R,19,PRO,19.0,6DO1
R,20,LYS,20.0,6DO1
R,21,ALA,36.57,6DO1
R,22,GLY,33.64,6DO1
R,23,ARG,44.18,6DO1
R,24,HIS,1.28,6DO1
R,25,ASN,1.29,6DO1
R,26,TYR,1.3,6DO1
R,27,ILE,1.31,6DO1
R,28,PHE,1.32,6DO1
R,29,VAL,1.33,6DO1
R,30,MET,1.34,6DO1
R,31,ILE,1.35,6DO1
R,32,PRO,1.36,6DO1
R,33,THR,1.37,6DO1
R,34,LEU,1.38,6DO1
R,35,TYR,1.39,6DO1
R,36,SER,1.4,6DO1
R,37,ILE,1.41,6DO1
R,38,ILE,1.42,6DO1
R,39,PHE,1.43,6DO1
R,40,VAL,1.44,6DO1
R,41,VAL,1.45,6DO1
R,42,GLY,1.46,6DO1
R,43,ILE,1.47,6DO1
R,44,PHE,1.48,6DO1
R,45,GLY,1.49,6DO1
R,46,ASN,1.5,6DO1
R,47,SER,1.51,6DO1
R,48,LEU,1.52,6DO1
R,49,VAL,1.53,6DO1
R,50,VAL,1.54,6DO1
R,51,ILE,1.55,6DO1
R,52,VAL,1.56,6DO1
R,53,ILE,1.57,6DO1
R,54,TYR,1.58,6DO1
R,55,PHE,1.59,6DO1
R,56,TYR,1.6,6DO1
R,57,MET,12.48,6DO1
R,58,LYS,12.49,6DO1
R,59,LEU,12.5,6DO1
R,60,LYS,12.51,6DO1
R,61,THR,2.37,6DO1
R,62,VAL,2.38,6DO1
R,63,ALA,2.39,6DO1
R,64,SER,2.4,6DO1
R,65,VAL,2.41,6DO1
R,66,PHE,2.42,6DO1
R,67,LEU,2.43,6DO1
R,68,LEU,2.44,6DO1
R,69,ASN,2.45,6DO1
R,70,LEU,2.46,6DO1
R,71,ALA,2.47,6DO1
R,72,LEU,2.48,6DO1
R,73,ALA,2.49,6DO1
R,74,ASP,2.5,6DO1
R,75,LEU,2.51,6DO1
R,76,CYS,2.52,6DO1
R,77,PHE,2.53,6DO1
R,78,LEU,2.54,6DO1
R,79,LEU,2.55,6DO1
R,80,THR,2.56,6DO1
R,81,LEU,2.57,6DO1
R,82,PRO,2.58,6DO1
R,83,LEU,2.59,6DO1
R,84,TRP,2.6,6DO1
R,85,ALA,2.61,6DO1
R,86,VAL,2.62,6DO1
R,87,TYR,2.63,6DO1
R,88,THR,2.64,6DO1
R,89,ALA,2.65,6DO1
R,90,MET,2.66,6DO1
R,91,GLU,2.67,6DO1
R,92,TYR,35.61,6DO1
R,93,ARG,23.49,6DO1
R,94,TRP,23.5,6DO1
R,95,PRO,23.51,6DO1
R,96,PHE,23.52,6DO1
R,97,GLY,3.21,6DO1
R,98,ASN,3.22,6DO1
R,99,TYR,3.23,6DO1
R,100,LEU,3.24,6DO1
R,101,CYS,3.25,6DO1
R,102,LYS,3.26,6DO1
R,103,ILE,3.27,6DO1
R,104,ALA,3.28,6DO1
R,105,SER,3.29,6DO1
R,106,ALA,3.3,6DO1
R,107,SER,3.31,6DO1
R,108,VAL,3.32,6DO1
R,109,SER,3.33,6DO1
R,110,PHE,3.34,6DO1
R,111,ASN,3.35,6DO1
R,112,LEU,3.36,6DO1
R,113,TYR,3.37,6DO1
R,114,ALA,3.38,6DO1
R,115,SER,3.39,6DO1
R,116,VAL,3.4,6DO1
R,117,PHE,3.41,6DO1
R,118,LEU,3.42,6DO1
R,119,LEU,3.43,6DO1
R,120,THR,3.44,6DO1
R,121,CYS,3.45,6DO1
R,122,LEU,3.46,6DO1
R,123,SER,3.47,6DO1
R,124,ILE,3.48,6DO1
R,125,ASP,3.49,6DO1
R,126,ARG,3.5,6DO1
R,127,TYR,3.51,6DO1
R,128,LEU,3.52,6DO1
R,129,ALA,3.53,6DO1
R,130,ILE,3.54,6DO1
R,131,VAL,3.55,6DO1
R,132,HIS,3.56,6DO1
R,133,PRO,34.5,6DO1
R,134,MET,34.51,6DO1
R,135,LYS,34.52,6DO1
R,136,SER,34.53,6DO1
R,137,ARG,34.54,6DO1
R,138,LEU,34.55,6DO1
R,139,ARG,34.56,6DO1
R,140,ARG,34.57,6DO1
R,141,THR,4.38,6DO1
R,142,MET,4.39,6DO1
R,143,LEU,4.4,6DO1
R,144,VAL,4.41,6DO1
R,145,ALA,4.42,6DO1
R,146,LYS,4.43,6DO1
R,147,VAL,4.44,6DO1
R,148,THR,4.45,6DO1
R,149,CYS,4.46,6DO1
R,150,ILE,4.47,6DO1
R,151,ILE,4.48,6DO1
R,152,ILE,4.49,6DO1
R,153,TRP,4.5,6DO1
R,154,LEU,4.51,6DO1
R,155,LEU,4.52,6DO1
R,156,ALA,4.53,6DO1
R,157,GLY,4.54,6DO1
R,158,LEU,4.55,6DO1
R,159,ALA,4.56,6DO1
R,160,SER,4.57,6DO1
R,161,LEU,4.58,6DO1
R,162,PRO,4.59,6DO1
R,163,ALA,4.6,6DO1
R,164,ILE,4.61,6DO1
R,165,ILE,4.62,6DO1
R,166,HIS,4.63,6DO1
R,167,ARG,4.64,6DO1
R,168,ASN,168.0,6DO1
R,169,VAL,39.92,6DO1
R,170,PHE,32.03,6DO1
R,171,PHE,171.0,6DO1
R,172,ILE,45.39,6DO1
R,173,GLU,42.83,6DO1
R,174,ASN,174.0,6DO1
R,175,THR,42.89,6DO1
R,176,ASN,176.0,6DO1
R,177,ILE,177.0,6DO1
R,178,THR,178.0,6DO1
R,179,VAL,42.8,6DO1
R,180,CYS,45.5,6DO1
R,181,ALA,45.51,6DO1
R,182,PHE,45.52,6DO1
R,183,HIS,183.0,6DO1
R,184,TYR,44.79,6DO1
R,185,GLU,185.0,6DO1
R,189,SER,189.0,6DO1
R,190,THR,190.0,6DO1
R,191,LEU,5.34,6DO1
R,192,PRO,5.35,6DO1
R,193,ILE,5.36,6DO1
R,194,GLY,5.37,6DO1
R,195,LEU,5.38,6DO1
R,196,GLY,5.39,6DO1
R,197,LEU,5.4,6DO1
R,198,THR,5.41,6DO1
R,199,LYS,5.42,6DO1
R,200,ASN,5.43,6DO1
R,201,ILE,5.44,6DO1
R,202,LEU,5.45,6DO1
R,203,GLY,5.46,6DO1
R,204,PHE,5.47,6DO1
R,205,LEU,5.48,6DO1
R,206,PHE,5.49,6DO1
R,207,PRO,5.5,6DO1
R,208,PHE,5.51,6DO1
R,209,LEU,5.52,6DO1
R,210,ILE,5.53,6DO1
R,211,ILE,5.54,6DO1
R,212,LEU,5.55,6DO1
R,213,THR,5.56,6DO1
R,214,SER,5.57,6DO1
R,215,TYR,5.58,6DO1
R,216,THR,5.59,6DO1
R,217,LEU,5.6,6DO1
R,218,ILE,5.61,6DO1
R,219,TRP,5.62,6DO1
R,220,LYS,5.63,6DO1
R,221,ALA,5.64,6DO1
R,222,LEU,5.65,6DO1
R,223,LYS,5.66,6DO1
R,224,LYS,5.67,6DO1
R,225,ALA,5.68,6DO1
R,226,TYR,226.0,6DO1
R,227,ASP,227.0,6DO1
R,333,ARG,6.29,6DO1
R,334,ASN,6.3,6DO1
R,335,ASP,6.31,6DO1
R,336,ASP,6.32,6DO1
R,337,ILE,6.33,6DO1
R,338,PHE,6.34,6DO1
R,339,LYS,6.35,6DO1
R,340,ILE,6.36,6DO1
R,341,ILE,6.37,6DO1
R,342,MET,6.38,6DO1
R,343,ALA,6.39,6DO1
R,344,ILE,6.4,6DO1
R,345,VAL,6.41,6DO1
R,346,LEU,6.42,6DO1
R,347,PHE,6.43,6DO1
R,348,PHE,6.44,6DO1
R,349,PHE,6.45,6DO1
R,350,PHE,6.46,6DO1
R,351,SER,6.47,6DO1
R,352,TRP,6.48,6DO1
R,353,ILE,6.49,6DO1
R,354,PRO,6.5,6DO1
R,355,HIS,6.51,6DO1
R,356,GLN,6.52,6DO1
R,357,ILE,6.53,6DO1
R,358,PHE,6.54,6DO1
R,359,THR,6.55,6DO1
R,360,PHE,6.56,6DO1
R,361,LEU,6.57,6DO1
R,362,ASP,6.58,6DO1
R,363,VAL,6.59,6DO1
R,364,LEU,6.6,6DO1
R,365,ILE,6.61,6DO1
R,366,GLN,6.62,6DO1
R,367,LEU,6.63,6DO1
R,368,GLY,6.64,6DO1
R,369,ILE,369.0,6DO1
R,370,ILE,370.0,6DO1
R,371,ARG,371.0,6DO1
R,372,ASP,7.24,6DO1
R,373,CYS,7.25,6DO1
R,374,ARG,7.26,6DO1
R,375,ILE,7.27,6DO1
R,376,ALA,7.28,6DO1
R,377,ASP,7.29,6DO1
R,378,ILE,7.3,6DO1
R,379,VAL,7.31,6DO1
R,380,ASP,7.32,6DO1
R,381,THR,7.33,6DO1
R,382,ALA,7.34,6DO1
R,383,MET,7.35,6DO1
R,384,PRO,7.36,6DO1
R,385,ILE,7.37,6DO1
R,386,THR,7.38,6DO1
R,387,ILE,7.39,6DO1
R,388,CYS,7.4,6DO1
R,389,ILE,7.41,6DO1
R,390,ALA,7.42,6DO1
R,391,TYR,7.43,6DO1
R,392,PHE,7.44,6DO1
R,393,ASN,7.45,6DO1
R,394,ASN,7.46,6DO1
R,395,CYS,7.47,6DO1
R,396,LEU,7.48,6DO1
R,397,ASN,7.49,6DO1
R,398,PRO,7.5,6DO1
R,399,LEU,7.51,6DO1
R,400,PHE,7.52,6DO1
R,401,TYR,7.53,6DO1
R,402,GLY,7.54,6DO1
R,403,PHE,7.55,6DO1
R,404,LEU,7.56,6DO1
R,405,GLY,8.47,6DO1
R,406,LYS,8.48,6DO1
R,407,LYS,8.49,6DO1
R,408,PHE,8.5,6DO1
R,409,LYS,8.51,6DO1
R,410,ARG,8.52,6DO1
R,411,TYR,8.53,6DO1
R,412,PHE,8.54,6DO1
R,413,LEU,8.55,6DO1
R,414,GLN,8.56,6DO1
R,415,LEU,8.57,6DO1
R,416,LEU,8.58,6DO1
R,9,ASP,9.0,6OS0
R,10,GLY,10.0,6OS0
R,11,ILE,11.0,6OS0
R,12,LYS,12.0,6OS0
R,13,ARG,13.0,6OS0
R,14,ILE,14.0,6OS0
R,15,GLN,15.0,6OS0
R,16,ASP,16.0,6OS0
R,17,ASP,17.0,6OS0
R,18,CYS,18.0,6OS0
R,19,PRO,19.0,6OS0
R,20,LYS,20.0,6OS0
R,21,ALA,21.0,6OS0
R,22,GLY,22.0,6OS0
R,23,ARG,23.0,6OS0
R,24,HIS,1.28,6OS0
R,25,ASN,1.29,6OS0
R,26,TYR,1.3,6OS0
R,27,ILE,1.31,6OS0
R,28,PHE,1.32,6OS0
R,29,VAL,1.33,6OS0
R,30,MET,1.34,6OS0
R,31,ILE,1.35,6OS0
R,32,PRO,1.36,6OS0
R,33,THR,1.37,6OS0
R,34,LEU,1.38,6OS0
R,35,TYR,1.39,6OS0
R,36,SER,1.4,6OS0
R,37,ILE,1.41,6OS0
R,38,ILE,1.42,6OS0
R,39,PHE,1.43,6OS0
R,40,VAL,1.44,6OS0
R,41,VAL,1.45,6OS0
R,42,GLY,1.46,6OS0
R,43,ILE,1.47,6OS0
R,44,PHE,1.48,6OS0
R,45,GLY,1.49,6OS0
R,46,ASN,1.5,6OS0
R,47,SER,1.51,6OS0
R,48,LEU,1.52,6OS0
R,49,VAL,1.53,6OS0
R,50,VAL,1.54,6OS0
R,51,ILE,1.55,6OS0
R,52,VAL,1.56,6OS0
R,53,ILE,1.57,6OS0
R,54,TYR,1.58,6OS0
R,55,PHE,1.59,6OS0
R,56,TYR,1.6,6OS0
R,57,MET,12.48,6OS0
R,58,LYS,12.49,6OS0
R,59,LEU,12.5,6OS0
R,60,LYS,12.51,6OS0
R,61,THR,2.37,6OS0
R,62,VAL,2.38,6OS0
R,63,ALA,2.39,6OS0
R,64,SER,2.4,6OS0
R,65,VAL,2.41,6OS0
R,66,PHE,2.42,6OS0
R,67,LEU,2.43,6OS0
R,68,LEU,2.44,6OS0
R,69,ASN,2.45,6OS0
R,70,LEU,2.46,6OS0
R,71,ALA,2.47,6OS0
R,72,LEU,2.48,6OS0
R,73,ALA,2.49,6OS0
R,74,ASP,2.5,6OS0
R,75,LEU,2.51,6OS0
R,76,CYS,2.52,6OS0
R,77,PHE,2.53,6OS0
R,78,LEU,2.54,6OS0
R,79,LEU,2.55,6OS0
R,80,THR,2.56,6OS0
R,81,LEU,2.57,6OS0
R,82,PRO,2.58,6OS0
R,83,LEU,2.59,6OS0
R,84,TRP,2.6,6OS0
R,85,ALA,2.61,6OS0
R,86,VAL,2.62,6OS0
R,87,TYR,2.63,6OS0
R,88,THR,2.64,6OS0
R,89,ALA,2.65,6OS0
R,90,MET,2.66,6OS0
R,91,GLU,2.67,6OS0
R,92,TYR,92.0,6OS0
R,93,ARG,23.49,6OS0
R,94,TRP,23.5,6OS0
R,95,PRO,23.51,6OS0
R,96,PHE,23.52,6OS0
R,97,GLY,3.21,6OS0
R,98,ASN,3.22,6OS0
R,99,TYR,3.23,6OS0
R,100,LEU,3.24,6OS0
R,101,CYS,3.25,6OS0
R,102,LYS,3.26,6OS0
R,103,ILE,3.27,6OS0
R,104,ALA,3.28,6OS0
R,105,SER,3.29,6OS0
R,106,ALA,3.3,6OS0
R,107,SER,3.31,6OS0
R,108,VAL,3.32,6OS0
R,109,SER,3.33,6OS0
R,110,PHE,3.34,6OS0
R,111,ASN,3.35,6OS0
R,112,LEU,3.36,6OS0
R,113,TYR,3.37,6OS0
R,114,ALA,3.38,6OS0
R,115,SER,3.39,6OS0
R,116,VAL,3.4,6OS0
R,117,PHE,3.41,6OS0
R,118,LEU,3.42,6OS0
R,119,LEU,3.43,6OS0
R,120,THR,3.44,6OS0
R,121,CYS,3.45,6OS0
R,122,LEU,3.46,6OS0
R,123,SER,3.47,6OS0
R,124,ILE,3.48,6OS0
R,125,ASP,3.49,6OS0
R,126,ARG,3.5,6OS0
R,127,TYR,3.51,6OS0
R,128,LEU,3.52,6OS0
R,129,ALA,3.53,6OS0
R,130,ILE,3.54,6OS0
R,131,VAL,3.55,6OS0
R,132,HIS,3.56,6OS0
R,133,PRO,34.5,6OS0
R,134,MET,34.51,6OS0
R,135,LYS,34.52,6OS0
R,136,SER,34.53,6OS0
R,137,ARG,34.54,6OS0
R,138,LEU,34.55,6OS0
R,139,ARG,34.56,6OS0
R,140,ARG,34.57,6OS0
R,141,THR,4.38,6OS0
R,142,MET,4.39,6OS0
R,143,LEU,4.4,6OS0
R,144,VAL,4.41,6OS0
R,145,ALA,4.42,6OS0
R,146,LYS,4.43,6OS0
R,147,VAL,4.44,6OS0
R,148,THR,4.45,6OS0
R,149,CYS,4.46,6OS0
R,150,ILE,4.47,6OS0
R,151,ILE,4.48,6OS0
R,152,ILE,4.49,6OS0
R,153,TRP,4.5,6OS0
R,154,LEU,4.51,6OS0
R,155,LEU,4.52,6OS0
R,156,ALA,4.53,6OS0
R,157,GLY,4.54,6OS0
R,158,LEU,4.55,6OS0
R,159,ALA,4.56,6OS0
R,160,SER,4.57,6OS0
R,161,LEU,4.58,6OS0
R,162,PRO,4.59,6OS0
R,163,ALA,4.6,6OS0
R,164,ILE,4.61,6OS0
R,165,ILE,4.62,6OS0
R,166,HIS,4.63,6OS0
R,167,ARG,4.64,6OS0
R,168,ASN,168.0,6OS0
R,169,VAL,169.0,6OS0
R,170,PHE,170.0,6OS0
R,171,PHE,171.0,6OS0
R,172,ILE,172.0,6OS0
R,173,GLU,173.0,6OS0
R,174,ASN,174.0,6OS0
R,175,THR,175.0,6OS0
R,176,ASN,176.0,6OS0
R,177,ILE,177.0,6OS0
R,178,THR,178.0,6OS0
R,179,VAL,179.0,6OS0
R,180,CYS,45.5,6OS0
R,181,ALA,45.51,6OS0
R,182,PHE,45.52,6OS0
R,183,HIS,183.0,6OS0
R,184,TYR,184.0,6OS0
R,185,GLU,185.0,6OS0
R,186,SER,186.0,6OS0
R,187,GLN,187.0,6OS0
R,188,ASN,188.0,6OS0
R,191,LEU,5.34,6OS0
R,192,PRO,5.35,6OS0
R,193,ILE,5.36,6OS0
R,194,GLY,5.37,6OS0
R,195,LEU,5.38,6OS0
R,196,GLY,5.39,6OS0
R,197,LEU,5.4,6OS0
R,198,THR,5.41,6OS0
R,199,LYS,5.42,6OS0
R,200,ASN,5.43,6OS0
R,201,ILE,5.44,6OS0
R,202,LEU,5.45,6OS0
R,203,GLY,5.46,6OS0
R,204,PHE,5.47,6OS0
R,205,LEU,5.48,6OS0
R,206,PHE,5.49,6OS0
R,207,PRO,5.5,6OS0
R,208,PHE,5.51,6OS0
R,209,LEU,5.52,6OS0
R,210,ILE,5.53,6OS0
R,211,ILE,5.54,6OS0
R,212,LEU,5.55,6OS0
R,213,THR,5.56,6OS0
R,214,SER,5.57,6OS0
R,215,TYR,5.58,6OS0
R,216,THR,5.59,6OS0
R,217,LEU,5.6,6OS0
R,218,ILE,5.61,6OS0
R,219,TRP,5.62,6OS0
R,220,LYS,5.63,6OS0
R,221,ALA,5.64,6OS0
R,222,LEU,5.65,6OS0
R,223,LYS,5.66,6OS0
R,224,LYS,5.67,6OS0
R,225,ALA,5.68,6OS0
R,226,TYR,226.0,6OS0
R,1233,PRO,6.28,6OS0
R,1234,ARG,6.29,6OS0
R,1235,ASN,6.3,6OS0
R,1236,ASP,6.31,6OS0
R,1237,ASP,6.32,6OS0
R,1238,ILE,6.33,6OS0
R,1239,PHE,6.34,6OS0
R,1240,LYS,6.35,6OS0
R,1241,ILE,6.36,6OS0
R,1242,ILE,6.37,6OS0
R,1243,MET,6.38,6OS0
R,1244,ALA,6.39,6OS0
R,1245,ILE,6.4,6OS0
R,1246,VAL,6.41,6OS0
R,1247,LEU,6.42,6OS0
R,1248,PHE,6.43,6OS0
R,1249,PHE,6.44,6OS0
R,1250,PHE,6.45,6OS0
R,1251,PHE,6.46,6OS0
R,1252,SER,6.47,6OS0
R,1253,TRP,6.48,6OS0
R,1254,ILE,6.49,6OS0
R,1255,PRO,6.5,6OS0
R,1256,HIS,6.51,6OS0
R,1257,GLN,6.52,6OS0
R,1258,ILE,6.53,6OS0
R,1259,PHE,6.54,6OS0
R,1260,THR,6.55,6OS0
R,1261,PHE,6.56,6OS0
R,1262,LEU,6.57,6OS0
R,1263,ASP,6.58,6OS0
R,1264,VAL,6.59,6OS0
R,1265,LEU,6.6,6OS0
R,1266,ILE,6.61,6OS0
R,1267,GLN,6.62,6OS0
R,1268,LEU,6.63,6OS0
R,1269,GLY,6.64,6OS0
R,1270,ILE,1270.0,6OS0
R,1271,ILE,1271.0,6OS0
R,1272,ARG,1272.0,6OS0
R,1273,ASP,7.24,6OS0
R,1274,CYS,7.25,6OS0
R,1275,ARG,7.26,6OS0
R,1276,ILE,7.27,6OS0
R,1277,ALA,7.28,6OS0
R,1278,ASP,7.29,6OS0
R,1279,ILE,7.3,6OS0
R,1280,VAL,7.31,6OS0
R,1281,ASP,7.32,6OS0
R,1282,THR,7.33,6OS0
R,1283,ALA,7.34,6OS0
R,1284,MET,7.35,6OS0
R,1285,PRO,7.36,6OS0
R,1286,ILE,7.37,6OS0
R,1287,THR,7.38,6OS0
R,1288,ILE,7.39,6OS0
R,1289,CYS,7.4,6OS0
R,1290,ILE,7.41,6OS0
R,1291,ALA,7.42,6OS0
R,1292,TYR,7.43,6OS0
R,1293,PHE,7.44,6OS0
R,1294,ASN,7.45,6OS0
R,1295,ASN,7.46,6OS0
R,1296,CYS,7.47,6OS0
R,1297,LEU,7.48,6OS0
R,1298,ASN,7.49,6OS0
R,1299,PRO,7.5,6OS0
R,1300,LEU,7.51,6OS0
R,1301,PHE,7.52,6OS0
R,1302,TYR,7.53,6OS0
R,1303,GLY,7.54,6OS0
R,1304,PHE,7.55,6OS0
R,1305,LEU,7.56,6OS0
R,1306,GLY,8.47,6OS0
R,1307,LYS,8.48,6OS0
R,1308,LYS,8.49,6OS0
R,1309,PHE,8.5,6OS0
R,1310,LYS,8.51,6OS0
R,1311,ARG,8.52,6OS0
R,1312,TYR,8.53,6OS0
R,1313,PHE,8.54,6OS0
R,1314,LEU,8.55,6OS0
R,1315,GLN,8.56,6OS0
R,1316,LEU,8.57,6OS0
R,11,ILE,11.0,6OS1
R,12,LYS,12.0,6OS1
R,13,ARG,13.0,6OS1
R,14,ILE,14.0,6OS1
R,15,GLN,15.0,6OS1
R,16,ASP,16.0,6OS1
R,17,ASP,17.0,6OS1
R,18,CYS,18.0,6OS1
R,19,PRO,19.0,6OS1
R,20,LYS,20.0,6OS1
R,21,ALA,21.0,6OS1
R,22,GLY,22.0,6OS1
R,23,ARG,23.0,6OS1
R,24,HIS,1.28,6OS1
R,25,ASN,1.29,6OS1
R,26,TYR,1.3,6OS1
R,27,ILE,1.31,6OS1
R,28,PHE,1.32,6OS1
R,29,VAL,1.33,6OS1
R,30,MET,1.34,6OS1
R,31,ILE,1.35,6OS1
R,32,PRO,1.36,6OS1
R,33,THR,1.37,6OS1
R,34,LEU,1.38,6OS1
R,35,TYR,1.39,6OS1
R,36,SER,1.4,6OS1
R,37,ILE,1.41,6OS1
R,38,ILE,1.42,6OS1
R,39,PHE,1.43,6OS1
R,40,VAL,1.44,6OS1
R,41,VAL,1.45,6OS1
R,42,GLY,1.46,6OS1
R,43,ILE,1.47,6OS1
R,44,PHE,1.48,6OS1
R,45,GLY,1.49,6OS1
R,46,ASN,1.5,6OS1
R,47,SER,1.51,6OS1
R,48,LEU,1.52,6OS1
R,49,VAL,1.53,6OS1
R,50,VAL,1.54,6OS1
R,51,ILE,1.55,6OS1
R,52,VAL,1.56,6OS1
R,53,ILE,1.57,6OS1
R,54,TYR,1.58,6OS1
R,55,PHE,1.59,6OS1
R,56,TYR,1.6,6OS1
R,57,MET,12.48,6OS1
R,58,LYS,12.49,6OS1
R,59,LEU,12.5,6OS1
R,60,LYS,12.51,6OS1
R,61,THR,2.37,6OS1
R,62,VAL,2.38,6OS1
R,63,ALA,2.39,6OS1
R,64,SER,2.4,6OS1
R,65,VAL,2.41,6OS1
R,66,PHE,2.42,6OS1
R,67,LEU,2.43,6OS1
R,68,LEU,2.44,6OS1
R,69,ASN,2.45,6OS1
R,70,LEU,2.46,6OS1
R,71,ALA,2.47,6OS1
R,72,LEU,2.48,6OS1
R,73,ALA,2.49,6OS1
R,74,ASP,2.5,6OS1
R,75,LEU,2.51,6OS1
R,76,CYS,2.52,6OS1
R,77,PHE,2.53,6OS1
R,78,LEU,2.54,6OS1
R,79,LEU,2.55,6OS1
R,80,THR,2.56,6OS1
R,81,LEU,2.57,6OS1
R,82,PRO,2.58,6OS1
R,83,LEU,2.59,6OS1
R,84,TRP,2.6,6OS1
R,85,ALA,2.61,6OS1
R,86,VAL,2.62,6OS1
R,87,TYR,2.63,6OS1
R,88,THR,2.64,6OS1
R,89,ALA,2.65,6OS1
R,90,MET,2.66,6OS1
R,91,GLU,2.67,6OS1
R,92,TYR,92.0,6OS1
R,93,ARG,23.49,6OS1
R,94,TRP,23.5,6OS1
R,95,PRO,23.51,6OS1
R,96,PHE,23.52,6OS1
R,97,GLY,3.21,6OS1
R,98,ASN,3.22,6OS1
R,99,TYR,3.23,6OS1
R,100,LEU,3.24,6OS1
R,101,CYS,3.25,6OS1
R,102,LYS,3.26,6OS1
R,103,ILE,3.27,6OS1
R,104,ALA,3.28,6OS1
R,105,SER,3.29,6OS1
R,106,ALA,3.3,6OS1
R,107,SER,3.31,6OS1
R,108,VAL,3.32,6OS1
R,109,SER,3.33,6OS1
R,110,PHE,3.34,6OS1
R,111,ASN,3.35,6OS1
R,112,LEU,3.36,6OS1
R,113,TYR,3.37,6OS1
R,114,ALA,3.38,6OS1
R,115,SER,3.39,6OS1
R,116,VAL,3.4,6OS1
R,117,PHE,3.41,6OS1
R,118,LEU,3.42,6OS1
R,119,LEU,3.43,6OS1
R,120,THR,3.44,6OS1
R,121,CYS,3.45,6OS1
R,122,LEU,3.46,6OS1
R,123,SER,3.47,6OS1
R,124,ILE,3.48,6OS1
R,125,ASP,3.49,6OS1
R,126,ARG,3.5,6OS1
R,127,TYR,3.51,6OS1
R,128,LEU,3.52,6OS1
R,129,ALA,3.53,6OS1
R,130,ILE,3.54,6OS1
R,131,VAL,3.55,6OS1
R,132,HIS,3.56,6OS1
R,133,PRO,34.5,6OS1
R,134,MET,34.51,6OS1
R,135,LYS,34.52,6OS1
R,136,SER,34.53,6OS1
R,137,ARG,34.54,6OS1
R,138,LEU,34.55,6OS1
R,139,ARG,34.56,6OS1
R,140,ARG,34.57,6OS1
R,141,THR,4.38,6OS1
R,142,MET,4.39,6OS1
R,143,LEU,4.4,6OS1
R,144,VAL,4.41,6OS1
R,145,ALA,4.42,6OS1
R,146,LYS,4.43,6OS1
R,147,VAL,4.44,6OS1
R,148,THR,4.45,6OS1
R,149,CYS,4.46,6OS1
R,150,ILE,4.47,6OS1
R,151,ILE,4.48,6OS1
R,152,ILE,4.49,6OS1
R,153,TRP,4.5,6OS1
R,154,LEU,4.51,6OS1
R,155,LEU,4.52,6OS1
R,156,ALA,4.53,6OS1
R,157,GLY,4.54,6OS1
R,158,LEU,4.55,6OS1
R,159,ALA,4.56,6OS1
R,160,SER,4.57,6OS1
R,161,LEU,4.58,6OS1
R,162,PRO,4.59,6OS1
R,163,ALA,4.6,6OS1
R,164,ILE,4.61,6OS1
R,165,ILE,4.62,6OS1
R,166,HIS,4.63,6OS1
R,167,ARG,4.64,6OS1
R,168,ASN,168.0,6OS1
R,169,VAL,169.0,6OS1
R,170,PHE,170.0,6OS1
R,171,PHE,171.0,6OS1
R,172,ILE,172.0,6OS1
R,173,GLU,173.0,6OS1
R,174,ASN,174.0,6OS1
R,175,THR,175.0,6OS1
R,176,ASN,176.0,6OS1
R,177,ILE,177.0,6OS1
R,178,THR,178.0,6OS1
R,179,VAL,179.0,6OS1
R,180,CYS,180.0,6OS1
R,181,ALA,45.51,6OS1
R,182,PHE,45.52,6OS1
R,183,HIS,183.0,6OS1
R,184,TYR,184.0,6OS1
R,185,GLU,185.0,6OS1
R,186,SER,186.0,6OS1
R,187,GLN,187.0,6OS1
R,188,ASN,188.0,6OS1
R,189,SER,189.0,6OS1
R,190,THR,190.0,6OS1
R,191,LEU,5.34,6OS1
R,192,PRO,5.35,6OS1
R,193,ILE,5.36,6OS1
R,194,GLY,5.37,6OS1
R,195,LEU,5.38,6OS1
R,196,GLY,5.39,6OS1
R,197,LEU,5.4,6OS1
R,198,THR,5.41,6OS1
R,199,LYS,5.42,6OS1
R,200,ASN,5.43,6OS1
R,201,ILE,5.44,6OS1
R,202,LEU,5.45,6OS1
R,203,GLY,5.46,6OS1
R,204,PHE,5.47,6OS1
R,205,LEU,5.48,6OS1
R,206,PHE,5.49,6OS1
R,207,PRO,5.5,6OS1
R,208,PHE,5.51,6OS1
R,209,LEU,5.52,6OS1
R,210,ILE,5.53,6OS1
R,211,ILE,5.54,6OS1
R,212,LEU,5.55,6OS1
R,213,THR,5.56,6OS1
R,214,SER,5.57,6OS1
R,215,TYR,5.58,6OS1
R,216,THR,5.59,6OS1
R,217,LEU,5.6,6OS1
R,218,ILE,5.61,6OS1
R,219,TRP,5.62,6OS1
R,220,LYS,5.63,6OS1
R,221,ALA,5.64,6OS1
R,222,LEU,5.65,6OS1
R,223,LYS,5.66,6OS1
R,224,LYS,5.67,6OS1
R,225,ALA,5.68,6OS1
R,226,TYR,226.0,6OS1
R,1233,PRO,6.28,6OS1
R,1234,ARG,6.29,6OS1
R,1235,ASN,6.3,6OS1
R,1236,ASP,6.31,6OS1
R,1237,ASP,6.32,6OS1
R,1238,ILE,6.33,6OS1
R,1239,PHE,6.34,6OS1
R,1240,LYS,6.35,6OS1
R,1241,ILE,6.36,6OS1
R,1242,ILE,6.37,6OS1
R,1243,MET,6.38,6OS1
R,1244,ALA,6.39,6OS1
R,1245,ILE,6.4,6OS1
R,1246,VAL,6.41,6OS1
R,1247,LEU,6.42,6OS1
R,1248,PHE,6.43,6OS1
R,1249,PHE,6.44,6OS1
R,1250,PHE,6.45,6OS1
R,1251,PHE,6.46,6OS1
R,1252,SER,6.47,6OS1
R,1253,TRP,6.48,6OS1
R,1254,ILE,6.49,6OS1
R,1255,PRO,6.5,6OS1
R,1256,HIS,6.51,6OS1
R,1257,GLN,6.52,6OS1
R,1258,ILE,6.53,6OS1
R,1259,PHE,6.54,6OS1
R,1260,THR,6.55,6OS1
R,1261,PHE,6.56,6OS1
R,1262,LEU,6.57,6OS1
R,1263,ASP,6.58,6OS1
R,1264,VAL,6.59,6OS1
R,1265,LEU,6.6,6OS1
R,1266,ILE,6.61,6OS1
R,1267,GLN,6.62,6OS1
R,1268,LEU,6.63,6OS1
R,1269,GLY,6.64,6OS1
R,1270,ILE,1270.0,6OS1
R,1271,ILE,1271.0,6OS1
R,1272,ARG,1272.0,6OS1
R,1273,ASP,7.24,6OS1
R,1274,CYS,7.25,6OS1
R,1275,ARG,7.26,6OS1
R,1276,ILE,7.27,6OS1
R,1277,ALA,7.28,6OS1
R,1278,ASP,7.29,6OS1
R,1279,ILE,7.3,6OS1
R,1280,VAL,7.31,6OS1
R,1281,ASP,7.32,6OS1
R,1282,THR,7.33,6OS1
R,1283,ALA,7.34,6OS1
R,1284,MET,7.35,6OS1
R,1285,PRO,7.36,6OS1
R,1286,ILE,7.37,6OS1
R,1287,THR,7.38,6OS1
R,1288,ILE,7.39,6OS1
R,1289,CYS,7.4,6OS1
R,1290,ILE,7.41,6OS1
R,1291,ALA,7.42,6OS1
R,1292,TYR,7.43,6OS1
R,1293,PHE,7.44,6OS1
R,1294,ASN,7.45,6OS1
R,1295,ASN,7.46,6OS1
R,1296,CYS,7.47,6OS1
R,1297,LEU,7.48,6OS1
R,1298,ASN,7.49,6OS1
R,1299,PRO,7.5,6OS1
R,1300,LEU,7.51,6OS1
R,1301,PHE,7.52,6OS1
R,1302,TYR,7.53,6OS1
R,1303,GLY,7.54,6OS1
R,1304,PHE,7.55,6OS1
R,1305,LEU,7.56,6OS1
R,1306,GLY,8.47,6OS1
R,1307,LYS,8.48,6OS1
R,1308,LYS,8.49,6OS1
R,1309,PHE,8.5,6OS1
R,1310,LYS,8.51,6OS1
R,1311,ARG,8.52,6OS1
R,1312,TYR,8.53,6OS1
R,1313,PHE,8.54,6OS1
R,1314,LEU,8.55,6OS1
R,1315,GLN,8.56,6OS1
R,1316,LEU,8.57,6OS1
R,1317,LEU,8.58,6OS1
R,1318,LYS,8.59,6OS1
R,11,ILE,11.0,6OS2
R,12,LYS,12.0,6OS2
R,13,ARG,13.0,6OS2
R,14,ILE,14.0,6OS2
R,15,GLN,15.0,6OS2
R,16,ASP,16.0,6OS2
R,17,ASP,17.0,6OS2
R,18,CYS,18.0,6OS2
R,19,PRO,19.0,6OS2
R,20,LYS,20.0,6OS2
R,21,ALA,21.0,6OS2
R,22,GLY,22.0,6OS2
R,23,ARG,23.0,6OS2
R,24,HIS,1.28,6OS2
R,25,ASN,1.29,6OS2
R,26,TYR,1.3,6OS2
R,27,ILE,1.31,6OS2
R,28,PHE,1.32,6OS2
R,29,VAL,1.33,6OS2
R,30,MET,1.34,6OS2
R,31,ILE,1.35,6OS2
R,32,PRO,1.36,6OS2
R,33,THR,1.37,6OS2
R,34,LEU,1.38,6OS2
R,35,TYR,1.39,6OS2
R,36,SER,1.4,6OS2
R,37,ILE,1.41,6OS2
R,38,ILE,1.42,6OS2
R,39,PHE,1.43,6OS2
R,40,VAL,1.44,6OS2
R,41,VAL,1.45,6OS2
R,42,GLY,1.46,6OS2
R,43,ILE,1.47,6OS2
R,44,PHE,1.48,6OS2
R,45,GLY,1.49,6OS2
R,46,ASN,1.5,6OS2
R,47,SER,1.51,6OS2
R,48,LEU,1.52,6OS2
R,49,VAL,1.53,6OS2
R,50,VAL,1.54,6OS2
R,51,ILE,1.55,6OS2
R,52,VAL,1.56,6OS2
R,53,ILE,1.57,6OS2
R,54,TYR,1.58,6OS2
R,55,PHE,1.59,6OS2
R,56,TYR,1.6,6OS2
R,57,MET,12.48,6OS2
R,58,LYS,12.49,6OS2
R,59,LEU,12.5,6OS2
R,60,LYS,12.51,6OS2
R,61,THR,2.37,6OS2
R,62,VAL,2.38,6OS2
R,63,ALA,2.39,6OS2
R,64,SER,2.4,6OS2
R,65,VAL,2.41,6OS2
R,66,PHE,2.42,6OS2
R,67,LEU,2.43,6OS2
R,68,LEU,2.44,6OS2
R,69,ASN,2.45,6OS2
R,70,LEU,2.46,6OS2
R,71,ALA,2.47,6OS2
R,72,LEU,2.48,6OS2
R,73,ALA,2.49,6OS2
R,74,ASP,2.5,6OS2
R,75,LEU,2.51,6OS2
R,76,CYS,2.52,6OS2
R,77,PHE,2.53,6OS2
R,78,LEU,2.54,6OS2
R,79,LEU,2.55,6OS2
R,80,THR,2.56,6OS2
R,81,LEU,2.57,6OS2
R,82,PRO,2.58,6OS2
R,83,LEU,2.59,6OS2
R,84,TRP,2.6,6OS2
R,85,ALA,2.61,6OS2
R,86,VAL,2.62,6OS2
R,87,TYR,2.63,6OS2
R,88,THR,2.64,6OS2
R,89,ALA,2.65,6OS2
R,90,MET,2.66,6OS2
R,91,GLU,2.67,6OS2
R,92,TYR,92.0,6OS2
R,93,ARG,23.49,6OS2
R,94,TRP,23.5,6OS2
R,95,PRO,23.51,6OS2
R,96,PHE,23.52,6OS2
R,97,GLY,3.21,6OS2
R,98,ASN,3.22,6OS2
R,99,TYR,3.23,6OS2
R,100,LEU,3.24,6OS2
R,101,CYS,3.25,6OS2
R,102,LYS,3.26,6OS2
R,103,ILE,3.27,6OS2
R,104,ALA,3.28,6OS2
R,105,SER,3.29,6OS2
R,106,ALA,3.3,6OS2
R,107,SER,3.31,6OS2
R,108,VAL,3.32,6OS2
R,109,SER,3.33,6OS2
R,110,PHE,3.34,6OS2
R,111,ASN,3.35,6OS2
R,112,LEU,3.36,6OS2
R,113,TYR,3.37,6OS2
R,114,ALA,3.38,6OS2
R,115,SER,3.39,6OS2
R,116,VAL,3.4,6OS2
R,117,PHE,3.41,6OS2
R,118,LEU,3.42,6OS2
R,119,LEU,3.43,6OS2
R,120,THR,3.44,6OS2
R,121,CYS,3.45,6OS2
R,122,LEU,3.46,6OS2
R,123,SER,3.47,6OS2
R,124,ILE,3.48,6OS2
R,125,ASP,3.49,6OS2
R,126,ARG,3.5,6OS2
R,127,TYR,3.51,6OS2
R,128,LEU,3.52,6OS2
R,129,ALA,3.53,6OS2
R,130,ILE,3.54,6OS2
R,131,VAL,3.55,6OS2
R,132,HIS,3.56,6OS2
R,133,PRO,34.5,6OS2
R,134,MET,34.51,6OS2
R,135,LYS,34.52,6OS2
R,136,SER,34.53,6OS2
R,137,ARG,34.54,6OS2
R,138,LEU,34.55,6OS2
R,139,ARG,34.56,6OS2
R,140,ARG,34.57,6OS2
R,141,THR,4.38,6OS2
R,142,MET,4.39,6OS2
R,143,LEU,4.4,6OS2
R,144,VAL,4.41,6OS2
R,145,ALA,4.42,6OS2
R,146,LYS,4.43,6OS2
R,147,VAL,4.44,6OS2
R,148,THR,4.45,6OS2
R,149,CYS,4.46,6OS2
R,150,ILE,4.47,6OS2
R,151,ILE,4.48,6OS2
R,152,ILE,4.49,6OS2
R,153,TRP,4.5,6OS2
R,154,LEU,4.51,6OS2
R,155,LEU,4.52,6OS2
R,156,ALA,4.53,6OS2
R,157,GLY,4.54,6OS2
R,158,LEU,4.55,6OS2
R,159,ALA,4.56,6OS2
R,160,SER,4.57,6OS2
R,161,LEU,4.58,6OS2
R,162,PRO,4.59,6OS2
R,163,ALA,4.6,6OS2
R,164,ILE,4.61,6OS2
R,165,ILE,4.62,6OS2
R,166,HIS,4.63,6OS2
R,167,ARG,4.64,6OS2
R,168,ASN,168.0,6OS2
R,169,VAL,169.0,6OS2
R,170,PHE,170.0,6OS2
R,171,PHE,171.0,6OS2
R,172,ILE,172.0,6OS2
R,173,GLU,173.0,6OS2
R,174,ASN,174.0,6OS2
R,175,THR,175.0,6OS2
R,176,ASN,176.0,6OS2
R,177,ILE,177.0,6OS2
R,178,THR,178.0,6OS2
R,179,VAL,179.0,6OS2
R,180,CYS,45.5,6OS2
R,181,ALA,45.51,6OS2
R,182,PHE,45.52,6OS2
R,183,HIS,183.0,6OS2
R,184,TYR,184.0,6OS2
R,185,GLU,185.0,6OS2
R,186,SER,186.0,6OS2
R,187,GLN,187.0,6OS2
R,188,ASN,188.0,6OS2
R,189,SER,189.0,6OS2
R,190,THR,190.0,6OS2
R,191,LEU,5.34,6OS2
R,192,PRO,5.35,6OS2
R,193,ILE,5.36,6OS2
R,194,GLY,5.37,6OS2
R,195,LEU,5.38,6OS2
R,196,GLY,5.39,6OS2
R,197,LEU,5.4,6OS2
R,198,THR,5.41,6OS2
R,199,LYS,5.42,6OS2
R,200,ASN,5.43,6OS2
R,201,ILE,5.44,6OS2
R,202,LEU,5.45,6OS2
R,203,GLY,5.46,6OS2
R,204,PHE,5.47,6OS2
R,205,LEU,5.48,6OS2
R,206,PHE,5.49,6OS2
R,207,PRO,5.5,6OS2
R,208,PHE,5.51,6OS2
R,209,LEU,5.52,6OS2
R,210,ILE,5.53,6OS2
R,211,ILE,5.54,6OS2
R,212,LEU,5.55,6OS2
R,213,THR,5.56,6OS2
R,214,SER,5.57,6OS2
R,215,TYR,5.58,6OS2
R,216,THR,5.59,6OS2
R,217,LEU,5.6,6OS2
R,218,ILE,5.61,6OS2
R,219,TRP,5.62,6OS2
R,220,LYS,5.63,6OS2
R,221,ALA,5.64,6OS2
R,222,LEU,5.65,6OS2
R,223,LYS,5.66,6OS2
R,224,LYS,5.67,6OS2
R,225,ALA,5.68,6OS2
R,226,TYR,226.0,6OS2
R,1233,PRO,6.28,6OS2
R,1234,ARG,6.29,6OS2
R,1235,ASN,6.3,6OS2
R,1236,ASP,6.31,6OS2
R,1237,ASP,6.32,6OS2
R,1238,ILE,6.33,6OS2
R,1239,PHE,6.34,6OS2
R,1240,LYS,6.35,6OS2
R,1241,ILE,6.36,6OS2
R,1242,ILE,6.37,6OS2
R,1243,MET,6.38,6OS2
R,1244,ALA,6.39,6OS2
R,1245,ILE,6.4,6OS2
R,1246,VAL,6.41,6OS2
R,1247,LEU,6.42,6OS2
R,1248,PHE,6.43,6OS2
R,1249,PHE,6.44,6OS2
R,1250,PHE,6.45,6OS2
R,1251,PHE,6.46,6OS2
R,1252,SER,6.47,6OS2
R,1253,TRP,6.48,6OS2
R,1254,ILE,6.49,6OS2
R,1255,PRO,6.5,6OS2
R,1256,HIS,6.51,6OS2
R,1257,GLN,6.52,6OS2
R,1258,ILE,6.53,6OS2
R,1259,PHE,6.54,6OS2
R,1260,THR,6.55,6OS2
R,1261,PHE,6.56,6OS2
R,1262,LEU,6.57,6OS2
R,1263,ASP,6.58,6OS2
R,1264,VAL,6.59,6OS2
R,1265,LEU,6.6,6OS2
R,1266,ILE,6.61,6OS2
R,1267,GLN,6.62,6OS2
R,1268,LEU,6.63,6OS2
R,1269,GLY,6.64,6OS2
R,1270,ILE,1270.0,6OS2
R,1271,ILE,1271.0,6OS2
R,1272,ARG,1272.0,6OS2
R,1273,ASP,7.24,6OS2
R,1274,CYS,7.25,6OS2
R,1275,ARG,7.26,6OS2
R,1276,ILE,7.27,6OS2
R,1277,ALA,7.28,6OS2
R,1278,ASP,7.29,6OS2
R,1279,ILE,7.3,6OS2
R,1280,VAL,7.31,6OS2
R,1281,ASP,7.32,6OS2
R,1282,THR,7.33,6OS2
R,1283,ALA,7.34,6OS2
R,1284,MET,7.35,6OS2
R,1285,PRO,7.36,6OS2
R,1286,ILE,7.37,6OS2
R,1287,THR,7.38,6OS2
R,1288,ILE,7.39,6OS2
R,1289,CYS,7.4,6OS2
R,1290,ILE,7.41,6OS2
R,1291,ALA,7.42,6OS2
R,1292,TYR,7.43,6OS2
R,1293,PHE,7.44,6OS2
R,1294,ASN,7.45,6OS2
R,1295,ASN,7.46,6OS2
R,1296,CYS,7.47,6OS2
R,1297,LEU,7.48,6OS2
R,1298,ASN,7.49,6OS2
R,1299,PRO,7.5,6OS2
R,1300,LEU,7.51,6OS2
R,1301,PHE,7.52,6OS2
R,1302,TYR,7.53,6OS2
R,1303,GLY,7.54,6OS2
R,1304,PHE,7.55,6OS2
R,1305,LEU,7.56,6OS2
R,1306,GLY,8.47,6OS2
R,1307,LYS,8.48,6OS2
R,1308,LYS,8.49,6OS2
R,1309,PHE,8.5,6OS2
R,1310,LYS,8.51,6OS2
R,1311,ARG,8.52,6OS2
R,1312,TYR,8.53,6OS2
R,1313,PHE,8.54,6OS2
R,1314,LEU,8.55,6OS2
R,1315,GLN,8.56,6OS2
R,1316,LEU,8.57,6OS2
R,1317,LEU,8.58,6OS2
R,1318,LYS,8.59,6OS2
A,6,THR,55.51,6TKO
A,7,ARG,52.77,6TKO
A,8,VAL,50.18,6TKO
A,9,PHE,46.09,6TKO
A,10,LYS,50.58,6TKO
A,11,LYS,51.66,6TKO
A,12,ALA,55.91,6TKO
A,13,SER,61.01,6TKO
A,14,PRO,65.18,6TKO
A,15,ASN,65.4,6TKO
A,16,GLY,63.01,6TKO
A,17,LYS,61.67,6TKO
A,18,LEU,60.97,6TKO
A,19,THR,56.96,6TKO
A,20,VAL,52.36,6TKO
A,21,TYR,51.99,6TKO
A,22,LEU,49.3,6TKO
A,23,GLY,47.36,6TKO
A,24,LYS,47.53,6TKO
A,25,ARG,49.47,6TKO
A,26,ASP,49.73,6TKO
A,27,PHE,49.39,6TKO
A,28,VAL,49.9,6TKO
A,29,ASP,51.85,6TKO
A,30,HIS,56.66,6TKO
A,31,ILE,60.03,6TKO
A,32,ASP,62.59,6TKO
A,33,LEU,56.55,6TKO
A,34,VAL,53.91,6TKO
A,35,ASP,55.61,6TKO
A,36,PRO,55.21,6TKO
A,37,VAL,51.44,6TKO
A,38,ASP,54.13,6TKO
A,39,GLY,52.78,6TKO
A,40,VAL,53.26,6TKO
A,41,VAL,56.75,6TKO
A,42,LEU,59.65,6TKO
A,43,VAL,64.28,6TKO
A,44,ASP,69.56,6TKO
A,45,PRO,69.63,6TKO
A,46,GLU,73.78,6TKO
A,47,TYR,73.21,6TKO
A,48,LEU,72.18,6TKO
A,49,LYS,76.42,6TKO
A,50,GLU,78.94,6TKO
A,51,ARG,73.53,6TKO
A,52,ARG,71.46,6TKO
A,53,VAL,66.15,6TKO
A,54,TYR,66.62,6TKO
A,55,VAL,58.45,6TKO
A,56,THR,54.21,6TKO
A,57,LEU,51.27,6TKO
A,58,THR,53.37,6TKO
A,59,CYS,53.45,6TKO
A,60,ALA,56.96,6TKO
A,61,PHE,58.38,6TKO
A,62,ARG,70.02,6TKO
A,63,TYR,71.21,6TKO
A,64,GLY,73.83,6TKO
A,65,ARG,79.23,6TKO
A,66,GLU,86.71,6TKO
A,67,ASP,89.81,6TKO
A,68,CYS,95.5,6TKO
A,69,ASP,93.59,6TKO
A,70,VAL,97.02,6TKO
A,71,LEU,95.33,6TKO
A,72,GLY,94.85,6TKO
A,73,LEU,90.31,6TKO
A,74,THR,82.9,6TKO
A,75,PHE,79.02,6TKO
A,76,ARG,70.61,6TKO
A,77,LYS,68.36,6TKO
A,78,ASP,60.07,6TKO
A,79,LEU,57.2,6TKO
A,80,PHE,52.56,6TKO
A,81,VAL,54.1,6TKO
A,82,ALA,52.93,6TKO
A,83,ASN,58.5,6TKO
A,84,VAL,60.58,6TKO
A,85,GLN,67.79,6TKO
A,86,SER,64.32,6TKO
A,87,PHE,67.57,6TKO
A,88,PRO,69.21,6TKO
A,89,PRO,68.61,6TKO
A,90,ALA,74.4,6TKO
A,91,PRO,75.46,6TKO
A,92,GLU,76.13,6TKO
A,93,ASP,74.24,6TKO
A,94,LYS,73.56,6TKO
A,95,LYS,68.98,6TKO
A,96,PRO,67.67,6TKO
A,97,LEU,59.43,6TKO
A,98,THR,57.35,6TKO
A,99,ARG,56.7,6TKO
A,100,LEU,54.26,6TKO
A,101,GLN,55.38,6TKO
A,102,GLU,57.8,6TKO
A,103,ARG,58.26,6TKO
A,104,LEU,54.67,6TKO
A,105,ILE,56.76,6TKO
A,106,LYS,58.54,6TKO
A,107,LYS,56.22,6TKO
A,108,LEU,56.33,6TKO
A,109,GLY,60.77,6TKO
A,110,GLU,65.74,6TKO
A,111,HIS,65.8,6TKO
A,112,ALA,60.46,6TKO
A,113,TYR,60.9,6TKO
A,114,PRO,55.2,6TKO
A,115,PHE,53.85,6TKO
A,116,THR,57.8,6TKO
A,117,PHE,55.21,6TKO
A,118,GLU,61.73,6TKO
A,119,ILE,52.27,6TKO
A,120,PRO,54.57,6TKO
A,121,PRO,56.74,6TKO
A,122,ASN,61.25,6TKO
A,123,LEU,55.13,6TKO
A,124,PRO,54.6,6TKO
A,125,CYS,48.97,6TKO
A,126,SER,48.23,6TKO
A,127,VAL,47.36,6TKO
A,128,THR,50.27,6TKO
A,129,LEU,55.1,6TKO
A,130,GLN,52.66,6TKO
A,131,PRO,64.15,6TKO
A,132,GLY,73.73,6TKO
A,133,PRO,76.94,6TKO
A,134,GLU,83.24,6TKO
A,135,ASP,80.75,6TKO
A,136,THR,89.11,6TKO
A,137,GLY,82.48,6TKO
A,138,LYS,78.28,6TKO
A,139,ALA,67.75,6TKO
A,140,CYS,64.68,6TKO
A,141,GLY,55.73,6TKO
A,142,VAL,53.41,6TKO
A,143,ASP,52.44,6TKO
A,144,TYR,49.43,6TKO
A,145,GLU,52.38,6TKO
A,146,VAL,49.61,6TKO
A,147,LYS,55.64,6TKO
A,148,ALA,57.35,6TKO
A,149,PHE,65.03,6TKO
A,150,CYS,70.43,6TKO
A,151,ALA,74.02,6TKO
A,152,GLU,76.1,6TKO
A,153,ASN,75.17,6TKO
A,154,LEU,71.66,6TKO
A,155,GLU,78.49,6TKO
A,156,GLU,78.75,6TKO
A,157,LYS,80.86,6TKO
A,158,ILE,71.23,6TKO
A,159,HIS,69.05,6TKO
A,160,LYS,64.99,6TKO
A,161,ARG,67.8,6TKO
A,162,ASN,67.23,6TKO
A,163,SER,62.41,6TKO
A,164,VAL,55.94,6TKO
A,165,ARG,56.57,6TKO
A,166,LEU,49.77,6TKO
A,167,VAL,49.05,6TKO
A,168,ILE,47.73,6TKO
A,169,GLU,49.02,6TKO
A,170,LYS,49.04,6TKO
A,171,VAL,46.33,6TKO
A,172,GLN,48.57,6TKO
A,173,TYR,44.66,6TKO
A,174,ALA,44.62,6TKO
A,175,PRO,48.47,6TKO
A,176,GLU,54.95,6TKO
A,177,ARG,56.6,6TKO
A,178,PRO,56.62,6TKO
A,179,GLY,53.32,6TKO
A,180,PRO,52.81,6TKO
A,181,GLN,54.42,6TKO
A,182,PRO,50.31,6TKO
A,183,THR,57.79,6TKO
A,184,ALA,57.84,6TKO
A,185,GLU,68.34,6TKO
A,186,THR,68.6,6TKO
A,187,THR,78.01,6TKO
A,188,ARG,80.44,6TKO
A,189,GLN,87.9,6TKO
A,190,PHE,87.29,6TKO
A,191,LEU,90.92,6TKO
A,192,MET,90.73,6TKO
A,193,SER,90.8,6TKO
A,194,ASP,91.89,6TKO
A,195,LYS,88.43,6TKO
A,196,PRO,86.0,6TKO
A,197,LEU,78.37,6TKO
A,198,HIS,73.25,6TKO
A,199,LEU,63.95,6TKO
A,200,GLU,66.36,6TKO
A,201,ALA,57.2,6TKO
A,202,SER,54.04,6TKO
A,203,LEU,48.74,6TKO
A,204,ASP,51.1,6TKO
A,205,LYS,47.98,6TKO
A,206,GLU,49.37,6TKO
A,207,ILE,47.67,6TKO
A,208,TYR,46.05,6TKO
A,209,TYR,42.08,6TKO
A,210,HIS,40.23,6TKO
A,211,GLY,44.02,6TKO
A,212,GLU,44.52,6TKO
A,213,PRO,46.28,6TKO
A,214,ILE,46.34,6TKO
A,215,SER,49.49,6TKO
A,216,VAL,50.63,6TKO
A,217,ASN,55.05,6TKO
A,218,VAL,57.41,6TKO
A,219,HIS,63.76,6TKO
A,220,VAL,67.83,6TKO
A,221,THR,75.01,6TKO
A,222,ASN,80.18,6TKO
A,223,ASN,84.27,6TKO
A,224,THR,85.7,6TKO
A,225,ASN,88.65,6TKO
A,226,LYS,86.72,6TKO
A,227,THR,79.67,6TKO
A,228,VAL,73.73,6TKO
A,229,LYS,75.22,6TKO
A,230,LYS,68.9,6TKO
A,231,ILE,62.73,6TKO
A,232,LYS,59.04,6TKO
A,233,ILE,53.96,6TKO
A,234,SER,51.52,6TKO
A,235,VAL,46.78,6TKO
A,236,ARG,51.1,6TKO
A,237,GLN,47.93,6TKO
A,238,TYR,51.46,6TKO
A,239,ALA,55.24,6TKO
A,240,ASP,57.21,6TKO
A,241,ILE,60.15,6TKO
A,242,CYS,65.37,6TKO
A,243,LEU,65.81,6TKO
A,244,PHE,71.49,6TKO
A,245,ASN,68.74,6TKO
A,246,THR,66.96,6TKO
A,247,ALA,63.16,6TKO
A,248,GLN,60.09,6TKO
A,249,TYR,62.12,6TKO
A,250,LYS,55.01,6TKO
A,251,CYS,54.59,6TKO
A,252,PRO,53.16,6TKO
A,253,VAL,47.7,6TKO
A,254,ALA,49.26,6TKO
A,255,MET,54.53,6TKO
A,256,GLU,57.72,6TKO
A,257,GLU,63.81,6TKO
A,258,ALA,64.61,6TKO
A,259,ASP,71.54,6TKO
A,260,ASP,69.0,6TKO
A,261,THR,74.55,6TKO
A,262,VAL,75.79,6TKO
A,263,ALA,80.92,6TKO
A,264,PRO,84.04,6TKO
A,265,SER,85.56,6TKO
A,266,SER,81.01,6TKO
A,267,THR,75.07,6TKO
A,268,PHE,67.53,6TKO
A,269,CYS,65.13,6TKO
A,270,LYS,59.08,6TKO
A,271,VAL,54.62,6TKO
A,272,TYR,56.2,6TKO
A,273,THR,52.09,6TKO
A,274,LEU,49.9,6TKO
A,275,THR,45.73,6TKO
A,276,PRO,44.66,6TKO
A,277,PHE,43.31,6TKO
A,278,LEU,45.08,6TKO
A,279,ALA,45.16,6TKO
A,280,ASN,45.89,6TKO
A,281,ASN,48.53,6TKO
A,282,ARG,49.12,6TKO
A,283,GLU,57.38,6TKO
A,284,LYS,56.27,6TKO
A,285,ARG,72.4,6TKO
A,286,GLY,62.9,6TKO
A,287,LEU,49.52,6TKO
A,288,ALA,45.73,6TKO
A,289,LEU,44.91,6TKO
A,290,ASP,42.89,6TKO
A,291,GLY,44.5,6TKO
A,292,LYS,46.77,6TKO
A,293,LEU,51.69,6TKO
A,294,LYS,56.41,6TKO
A,295,HIS,58.51,6TKO
A,296,GLU,53.07,6TKO
A,297,ASP,50.19,6TKO
A,298,THR,45.6,6TKO
A,299,ASN,40.93,6TKO
A,300,LEU,41.58,6TKO
A,301,ALA,42.9,6TKO
A,302,SER,42.75,6TKO
A,303,SER,43.57,6TKO
A,304,THR,48.22,6TKO
A,305,LEU,48.66,6TKO
A,306,LEU,58.45,6TKO
A,307,ARG,69.07,6TKO
A,308,GLU,75.21,6TKO
A,309,GLY,77.44,6TKO
A,310,ALA,75.33,6TKO
A,311,ASN,71.62,6TKO
A,312,ARG,69.69,6TKO
A,313,GLU,70.34,6TKO
A,314,ILE,63.7,6TKO
A,315,LEU,61.78,6TKO
A,316,GLY,57.89,6TKO
A,317,ILE,52.8,6TKO
A,318,ILE,52.64,6TKO
A,319,VAL,47.12,6TKO
A,320,SER,47.96,6TKO
A,321,TYR,44.9,6TKO
A,322,LYS,47.95,6TKO
A,323,VAL,49.23,6TKO
A,324,LYS,53.85,6TKO
A,325,VAL,55.05,6TKO
A,326,LYS,59.44,6TKO
A,327,LEU,65.17,6TKO
A,328,VAL,71.4,6TKO
A,329,VAL,76.99,6TKO
A,330,SER,80.5,6TKO
A,341,SER,74.46,6TKO
A,342,ASP,73.31,6TKO
A,343,VAL,69.98,6TKO
A,344,ALA,61.27,6TKO
A,345,VAL,58.11,6TKO
A,346,GLU,53.5,6TKO
A,347,LEU,51.75,6TKO
A,348,PRO,45.91,6TKO
A,349,PHE,44.44,6TKO
A,350,THR,44.85,6TKO
A,351,LEU,42.92,6TKO
A,352,MET,43.19,6TKO
A,353,HIS,39.04,6TKO
A,354,PRO,42.1,6TKO
A,355,LYS,47.05,6TKO
A,356,PRO,46.61,6TKO
A,357,LYS,54.68,6TKO
A,358,GLU,61.45,6TKO
A,359,GLU,60.11,6TKO
R,42,ALA,1.33,6TKO
R,43,GLY,1.34,6TKO
R,44,CYS,128.12,6TKO
R,45,SER,1.36,6TKO
R,46,LEU,1.37,6TKO
R,47,LEU,1.38,6TKO
R,48,MET,1.39,6TKO
R,49,ALA,1.4,6TKO
R,50,LEU,1.41,6TKO
R,51,VAL,1.42,6TKO
R,52,VAL,1.43,6TKO
R,53,LEU,1.44,6TKO
R,54,LEU,1.45,6TKO
R,55,ILE,1.46,6TKO
R,56,VAL,1.47,6TKO
R,57,ALA,1.48,6TKO
R,58,GLY,1.49,6TKO
R,59,ASN,1.5,6TKO
R,60,VAL,1.51,6TKO
R,61,LEU,1.52,6TKO
R,62,VAL,1.53,6TKO
R,63,ILE,1.54,6TKO
R,64,ALA,1.55,6TKO
R,65,ALA,1.56,6TKO
R,66,ILE,1.57,6TKO
R,67,GLY,1.58,6TKO
R,68,ARG,1.59,6TKO
R,69,THR,1.6,6TKO
R,70,GLN,12.48,6TKO
R,71,ARG,12.49,6TKO
R,72,LEU,12.5,6TKO
R,73,GLN,12.51,6TKO
R,74,THR,2.37,6TKO
R,75,LEU,2.38,6TKO
R,76,THR,2.39,6TKO
R,77,ASN,2.4,6TKO
R,78,LEU,2.41,6TKO
R,79,PHE,2.42,6TKO
R,80,ILE,2.43,6TKO
R,81,THR,2.44,6TKO
R,82,SER,2.45,6TKO
R,83,LEU,2.46,6TKO
R,84,ALA,2.47,6TKO
R,85,CYS,2.48,6TKO
R,86,ALA,2.49,6TKO
R,87,ASP,2.5,6TKO
R,88,LEU,2.51,6TKO
R,89,VAL,2.52,6TKO
R,90,VAL,113.29,6TKO
R,91,GLY,2.54,6TKO
R,92,LEU,2.55,6TKO
R,93,LEU,2.56,6TKO
R,94,VAL,2.57,6TKO
R,95,VAL,2.58,6TKO
R,96,PRO,2.59,6TKO
R,97,PHE,2.6,6TKO
R,98,GLY,2.61,6TKO
R,99,ALA,2.62,6TKO
R,100,THR,2.63,6TKO
R,101,LEU,2.64,6TKO
R,102,VAL,2.65,6TKO
R,103,CYS,127.09,6TKO
R,104,ARG,2.67,6TKO
R,105,GLY,2.68,6TKO
R,106,THR,23.49,6TKO
R,107,TRP,23.5,6TKO
R,108,LEU,23.51,6TKO
R,109,TRP,23.52,6TKO
R,110,GLY,3.21,6TKO
R,111,SER,3.22,6TKO
R,112,PHE,3.23,6TKO
R,113,LEU,3.24,6TKO
R,114,CYS,3.25,6TKO
R,115,GLU,3.26,6TKO
R,116,LEU,119.63,6TKO
R,117,TRP,3.28,6TKO
R,118,THR,3.29,6TKO
R,119,SER,3.3,6TKO
R,120,LEU,3.31,6TKO
R,121,ASP,3.32,6TKO
R,122,VAL,3.33,6TKO
R,123,LEU,3.34,6TKO
R,124,CYS,3.35,6TKO
R,125,VAL,3.36,6TKO
R,126,THR,3.37,6TKO
R,127,ALA,3.38,6TKO
R,128,SER,3.39,6TKO
R,129,ILE,3.4,6TKO
R,130,TRP,102.66,6TKO
R,131,THR,3.42,6TKO
R,132,LEU,3.43,6TKO
R,133,CYS,3.44,6TKO
R,134,VAL,3.45,6TKO
R,135,ILE,3.46,6TKO
R,136,ALA,3.47,6TKO
R,137,ILE,3.48,6TKO
R,138,ASP,3.49,6TKO
R,139,ARG,3.5,6TKO
R,140,TYR,3.51,6TKO
R,141,LEU,3.52,6TKO
R,142,ALA,3.53,6TKO
R,143,ILE,3.54,6TKO
R,144,THR,3.55,6TKO
R,145,SER,3.56,6TKO
R,146,PRO,34.5,6TKO
R,147,PHE,34.51,6TKO
R,148,ARG,34.52,6TKO
R,149,TYR,34.53,6TKO
R,150,GLN,34.54,6TKO
R,151,SER,34.55,6TKO
R,152,LEU,34.56,6TKO
R,153,MET,34.57,6TKO
R,154,THR,4.38,6TKO
R,155,ARG,4.39,6TKO
R,156,ALA,4.4,6TKO
R,157,ARG,4.41,6TKO
R,158,ALA,4.42,6TKO
R,159,LYS,4.43,6TKO
R,160,VAL,4.44,6TKO
R,161,ILE,4.45,6TKO
R,162,ILE,4.46,6TKO
R,163,CYS,4.47,6TKO
R,164,THR,4.48,6TKO
R,165,VAL,4.49,6TKO
R,166,TRP,4.5,6TKO
R,167,ALA,4.51,6TKO
R,168,ILE,4.52,6TKO
R,169,SER,4.53,6TKO
R,170,ALA,4.54,6TKO
R,171,LEU,4.55,6TKO
R,172,VAL,4.56,6TKO
R,173,SER,4.57,6TKO
R,174,PHE,4.58,6TKO
R,175,LEU,4.59,6TKO
R,176,PRO,4.6,6TKO
R,177,ILE,4.61,6TKO
R,178,MET,4.62,6TKO
R,179,MET,4.63,6TKO
R,180,HIS,4.64,6TKO
R,181,TRP,120.86,6TKO
R,182,TRP,122.05,6TKO
R,183,ARG,124.55,6TKO
R,184,ASP,127.05,6TKO
R,185,GLU,129.12,6TKO
R,186,ASP,130.04,6TKO
R,187,PRO,129.68,6TKO
R,188,GLN,129.72,6TKO
R,189,ALA,128.23,6TKO
R,190,LEU,129.43,6TKO
R,191,LYS,129.83,6TKO
R,192,CYS,130.02,6TKO
R,193,TYR,126.92,6TKO
R,194,GLN,129.54,6TKO
R,195,ASP,128.69,6TKO
R,196,PRO,127.07,6TKO
R,197,GLY,127.18,6TKO
R,198,CYS,127.76,6TKO
R,199,CYS,45.5,6TKO
R,200,ASP,45.51,6TKO
R,201,PHE,45.52,6TKO
R,202,VAL,123.62,6TKO
R,203,THR,122.55,6TKO
R,204,ASN,5.35,6TKO
R,205,ARG,5.36,6TKO
R,206,ALA,5.37,6TKO
R,207,TYR,5.38,6TKO
R,208,ALA,5.39,6TKO
R,209,ILE,5.4,6TKO
R,210,ALA,5.41,6TKO
R,211,SER,5.42,6TKO
R,212,SER,5.43,6TKO
R,213,ILE,5.44,6TKO
R,214,ILE,5.45,6TKO
R,215,SER,5.46,6TKO
R,216,PHE,5.47,6TKO
R,217,TYR,5.48,6TKO
R,218,ILE,5.49,6TKO
R,219,PRO,5.5,6TKO
R,220,LEU,5.51,6TKO
R,221,LEU,5.52,6TKO
R,222,ILE,5.53,6TKO
R,223,MET,5.54,6TKO
R,224,ILE,5.55,6TKO
R,225,PHE,5.56,6TKO
R,226,VAL,5.57,6TKO
R,227,TYR,5.58,6TKO
R,228,LEU,5.59,6TKO
R,229,ARG,5.6,6TKO
R,230,VAL,5.61,6TKO
R,231,TYR,5.62,6TKO
R,232,ARG,5.63,6TKO
R,233,GLU,5.64,6TKO
R,234,ALA,5.65,6TKO
R,235,LYS,5.66,6TKO
R,236,GLU,5.67,6TKO
R,237,GLN,5.68,6TKO
R,238,ILE,5.69,6TKO
R,239,ARG,5.7,6TKO
R,240,LYS,5.71,6TKO
R,241,ILE,5.72,6TKO
R,242,ASP,5.73,6TKO
R,280,VAL,6.25,6TKO
R,281,MET,6.26,6TKO
R,282,ALA,6.27,6TKO
R,283,MET,6.28,6TKO
R,284,ARG,6.29,6TKO
R,285,GLU,6.3,6TKO
R,286,HIS,6.31,6TKO
R,287,LYS,6.32,6TKO
R,288,ALA,6.33,6TKO
R,289,LEU,6.34,6TKO
R,290,LYS,6.35,6TKO
R,291,THR,6.36,6TKO
R,292,LEU,6.37,6TKO
R,293,GLY,6.38,6TKO
R,294,ILE,6.39,6TKO
R,295,ILE,6.4,6TKO
R,296,MET,6.41,6TKO
R,297,GLY,6.42,6TKO
R,298,VAL,6.43,6TKO
R,299,PHE,6.44,6TKO
R,300,THR,6.45,6TKO
R,301,LEU,6.46,6TKO
R,302,CYS,6.47,6TKO
R,303,TRP,6.48,6TKO
R,304,LEU,6.49,6TKO
R,305,PRO,6.5,6TKO
R,306,PHE,6.51,6TKO
R,307,PHE,6.52,6TKO
R,308,LEU,6.53,6TKO
R,309,VAL,6.54,6TKO
R,310,ASN,6.55,6TKO
R,311,ILE,6.56,6TKO
R,312,VAL,6.57,6TKO
R,313,ASN,6.58,6TKO
R,314,VAL,6.59,6TKO
R,315,PHE,6.6,6TKO
R,316,ASN,6.61,6TKO
R,317,ARG,131.28,6TKO
R,318,ASP,132.43,6TKO
R,319,LEU,131.15,6TKO
R,320,VAL,129.2,6TKO
R,321,PRO,7.31,6TKO
R,322,LYS,122.82,6TKO
R,323,TRP,7.33,6TKO
R,324,LEU,7.34,6TKO
R,325,PHE,7.35,6TKO
R,326,VAL,7.36,6TKO
R,327,ALA,119.85,6TKO
R,328,PHE,7.38,6TKO
R,329,ASN,7.39,6TKO
R,330,TRP,7.4,6TKO
R,331,LEU,7.41,6TKO
R,332,GLY,7.42,6TKO
R,333,TYR,7.43,6TKO
R,334,ALA,7.44,6TKO
R,335,ASN,7.45,6TKO
R,336,SER,7.46,6TKO
R,337,ALA,7.47,6TKO
R,338,MET,108.66,6TKO
R,339,ASN,7.49,6TKO
R,340,PRO,7.5,6TKO
R,341,ILE,7.51,6TKO
R,342,ILE,7.52,6TKO
R,343,TYR,7.53,6TKO
R,344,CYS,7.54,6TKO
R,345,ARG,7.55,6TKO
R,346,SER,8.47,6TKO
R,347,PRO,8.48,6TKO
R,348,ASP,8.49,6TKO
R,349,PHE,8.5,6TKO
R,350,ARG,8.51,6TKO
R,351,LYS,8.52,6TKO
R,352,ALA,8.53,6TKO
R,353,PHE,8.54,6TKO
R,354,LYS,8.55,6TKO
R,355,ARG,8.56,6TKO
R,356,LEU,8.57,6TKO
R,357,LEU,8.58,6TKO
R,358,ALA,116.44,6TKO
A,6,THR,116.21,6U1N
A,7,ARG,117.85,6U1N
A,8,VAL,111.04,6U1N
A,9,PHE,103.84,6U1N
A,10,LYS,117.01,6U1N
A,11,LYS,121.91,6U1N
A,12,ALA,136.75,6U1N
A,13,SER,136.93,6U1N
A,14,PRO,132.48,6U1N
A,15,ASN,124.43,6U1N
A,16,GLY,124.75,6U1N
A,17,LYS,133.25,6U1N
A,18,LEU,134.74,6U1N
A,19,THR,130.63,6U1N
A,20,VAL,128.78,6U1N
A,21,TYR,123.22,6U1N
A,22,LEU,100.0,6U1N
A,23,GLY,100.94,6U1N
A,24,LYS,95.67,6U1N
A,25,ARG,96.26,6U1N
A,26,ASP,95.63,6U1N
A,27,PHE,101.51,6U1N
A,28,VAL,105.21,6U1N
A,29,ASP,116.4,6U1N
A,30,HIS,121.91,6U1N
A,31,ILE,126.95,6U1N
A,32,ASP,127.07,6U1N
A,33,LEU,125.86,6U1N
A,34,VAL,121.34,6U1N
A,35,ASP,116.99,6U1N
A,36,PRO,117.56,6U1N
A,37,VAL,110.35,6U1N
A,38,ASP,123.05,6U1N
A,39,GLY,123.79,6U1N
A,40,VAL,128.3,6U1N
A,41,VAL,132.49,6U1N
A,42,LEU,131.43,6U1N
A,43,VAL,135.83,6U1N
A,44,ASP,137.19,6U1N
A,45,PRO,133.91,6U1N
A,46,GLU,134.5,6U1N
A,47,TYR,130.85,6U1N
A,48,LEU,139.5,6U1N
A,49,LYS,146.93,6U1N
A,50,GLU,148.62,6U1N
A,51,ARG,149.54,6U1N
A,52,ARG,150.86,6U1N
A,53,VAL,152.57,6U1N
A,54,TYR,152.01,6U1N
A,55,VAL,135.33,6U1N
A,56,THR,125.29,6U1N
A,57,LEU,117.55,6U1N
A,58,THR,116.57,6U1N
A,59,VAL,109.82,6U1N
A,60,ALA,114.35,6U1N
A,61,PHE,114.69,6U1N
A,62,ARG,116.81,6U1N
A,63,TYR,125.5,6U1N
A,64,GLY,128.46,6U1N
A,65,ARG,140.66,6U1N
A,66,GLU,149.75,6U1N
A,67,ASP,155.83,6U1N
A,68,LEU,155.25,6U1N
A,69,ASP,165.57,6U1N
A,70,VAL,162.11,6U1N
A,71,LEU,168.04,6U1N
A,72,GLY,163.61,6U1N
A,73,LEU,150.35,6U1N
A,74,THR,137.15,6U1N
A,75,PHE,133.88,6U1N
A,76,ARG,125.74,6U1N
A,77,LYS,122.0,6U1N
A,78,ASP,125.11,6U1N
A,79,LEU,114.62,6U1N
A,80,PHE,113.08,6U1N
A,81,VAL,110.66,6U1N
A,82,ALA,119.44,6U1N
A,83,ASN,135.16,6U1N
A,84,VAL,138.15,6U1N
A,85,GLN,146.77,6U1N
A,86,SER,153.34,6U1N
A,87,PHE,151.94,6U1N
A,88,PRO,156.13,6U1N
A,89,PRO,162.91,6U1N
A,90,ALA,182.25,6U1N
A,91,PRO,189.03,6U1N
A,92,GLU,192.14,6U1N
A,93,ASP,191.16,6U1N
A,94,LYS,185.97,6U1N
A,95,LYS,163.95,6U1N
A,96,PRO,152.56,6U1N
A,97,LEU,140.54,6U1N
A,98,THR,124.24,6U1N
A,99,ARG,131.47,6U1N
A,100,LEU,123.54,6U1N
A,101,GLN,124.98,6U1N
A,102,GLU,131.29,6U1N
A,103,ARG,130.94,6U1N
A,104,LEU,136.03,6U1N
A,105,ILE,135.17,6U1N
A,106,LYS,135.27,6U1N
A,107,LYS,132.48,6U1N
A,108,LEU,128.42,6U1N
A,109,GLY,135.17,6U1N
A,110,GLU,140.92,6U1N
A,111,HIS,142.15,6U1N
A,112,ALA,142.42,6U1N
A,113,TYR,141.93,6U1N
A,114,PRO,132.57,6U1N
A,115,PHE,123.43,6U1N
A,116,THR,114.25,6U1N
A,117,PHE,123.31,6U1N
A,118,GLU,121.88,6U1N
A,119,ILE,118.56,6U1N
A,120,PRO,122.18,6U1N
A,121,PRO,128.07,6U1N
A,122,ASN,126.83,6U1N
A,123,LEU,114.28,6U1N
A,124,PRO,102.01,6U1N
A,125,SER,95.95,6U1N
A,126,SER,93.87,6U1N
A,127,VAL,93.01,6U1N
A,128,THR,92.71,6U1N
A,129,LEU,90.84,6U1N
A,130,GLN,95.4,6U1N
A,131,PRO,115.1,6U1N
A,132,GLY,129.14,6U1N
A,133,PRO,132.78,6U1N
A,134,GLU,138.34,6U1N
A,135,ASP,138.43,6U1N
A,136,THR,141.74,6U1N
A,137,GLY,136.84,6U1N
A,138,LYS,123.24,6U1N
A,139,ALA,114.18,6U1N
A,140,LEU,111.34,6U1N
A,141,GLY,103.01,6U1N
A,142,VAL,101.81,6U1N
A,143,ASP,112.84,6U1N
A,144,TYR,109.07,6U1N
A,145,GLU,109.8,6U1N
A,146,VAL,109.53,6U1N
A,147,LYS,123.12,6U1N
A,148,ALA,136.34,6U1N
A,149,PHE,145.37,6U1N
A,150,VAL,143.33,6U1N
A,151,ALA,153.75,6U1N
A,152,GLU,155.67,6U1N
A,153,ASN,149.76,6U1N
A,154,LEU,145.99,6U1N
A,155,GLU,143.49,6U1N
A,156,GLU,144.1,6U1N
A,157,LYS,137.54,6U1N
A,158,ILE,126.29,6U1N
A,159,HIS,126.24,6U1N
A,160,LYS,132.84,6U1N
A,161,ARG,135.47,6U1N
A,162,ASN,137.31,6U1N
A,163,SER,139.91,6U1N
A,164,VAL,129.15,6U1N
A,165,ARG,122.82,6U1N
A,166,LEU,104.8,6U1N
A,167,VAL,99.78,6U1N
A,168,ILE,97.27,6U1N
A,169,ARG,93.8,6U1N
A,170,LYS,100.52,6U1N
A,171,VAL,104.98,6U1N
A,172,GLN,113.54,6U1N
A,173,TYR,105.59,6U1N
A,174,ALA,110.99,6U1N
A,175,PRO,114.13,6U1N
A,176,GLU,119.23,6U1N
A,177,ARG,126.13,6U1N
A,178,PRO,123.1,6U1N
A,179,GLY,116.42,6U1N
A,180,PRO,109.93,6U1N
A,181,GLN,110.66,6U1N
A,182,PRO,110.46,6U1N
A,183,THR,117.74,6U1N
A,184,ALA,116.63,6U1N
A,185,GLU,123.12,6U1N
A,186,THR,132.15,6U1N
A,187,THR,146.19,6U1N
A,188,ARG,154.22,6U1N
A,189,GLN,158.53,6U1N
A,190,PHE,162.63,6U1N
A,191,LEU,168.12,6U1N
A,192,MET,166.84,6U1N
A,193,SER,161.47,6U1N
A,194,ASP,160.35,6U1N
A,195,LYS,166.15,6U1N
A,196,PRO,163.49,6U1N
A,197,LEU,153.15,6U1N
A,198,HIS,140.22,6U1N
A,199,LEU,130.03,6U1N
A,200,GLU,118.94,6U1N
A,201,ALA,113.72,6U1N
A,202,SER,110.39,6U1N
A,203,LEU,106.04,6U1N
A,204,ASP,106.18,6U1N
A,205,LYS,108.48,6U1N
A,206,GLU,111.74,6U1N
A,207,ILE,113.86,6U1N
A,208,TYR,112.55,6U1N
A,209,TYR,98.65,6U1N
A,210,HIS,90.42,6U1N
A,211,GLY,94.53,6U1N
A,212,GLU,95.42,6U1N
A,213,PRO,99.42,6U1N
A,214,ILE,103.57,6U1N
A,215,SER,108.24,6U1N
A,216,VAL,104.89,6U1N
A,217,ASN,110.42,6U1N
A,218,VAL,122.58,6U1N
A,219,HIS,137.44,6U1N
A,220,VAL,141.53,6U1N
A,221,THR,151.58,6U1N
A,222,ASN,166.09,6U1N
A,223,ASN,162.38,6U1N
A,224,THR,166.89,6U1N
A,225,ASN,165.96,6U1N
A,226,LYS,164.73,6U1N
A,227,THR,160.81,6U1N
A,228,VAL,158.62,6U1N
A,229,LYS,156.48,6U1N
A,230,LYS,152.68,6U1N
A,231,ILE,145.85,6U1N
A,232,LYS,136.57,6U1N
A,233,ILE,129.57,6U1N
A,234,SER,119.75,6U1N
A,235,VAL,107.85,6U1N
A,236,ARG,109.13,6U1N
A,237,GLN,105.66,6U1N
A,238,TYR,114.36,6U1N
A,239,ALA,114.45,6U1N
A,240,ASP,111.06,6U1N
A,241,ILE,122.16,6U1N
A,242,VAL,132.38,6U1N
A,243,LEU,145.27,6U1N
A,244,PHE,155.78,6U1N
A,245,ASN,154.91,6U1N
A,246,THR,150.25,6U1N
A,247,ALA,136.07,6U1N
A,248,GLN,127.62,6U1N
A,249,TYR,135.61,6U1N
A,250,LYS,120.51,6U1N
A,251,VAL,103.93,6U1N
A,252,PRO,98.67,6U1N
A,253,VAL,100.79,6U1N
A,254,ALA,109.75,6U1N
A,255,MET,123.77,6U1N
A,256,GLU,135.58,6U1N
A,257,GLU,151.78,6U1N
A,258,ALA,150.21,6U1N
A,259,ASP,150.05,6U1N
A,260,ASP,149.01,6U1N
A,261,THR,154.74,6U1N
A,262,VAL,153.67,6U1N
A,263,ALA,157.83,6U1N
A,264,PRO,159.83,6U1N
A,265,SER,163.32,6U1N
A,266,SER,158.79,6U1N
A,267,THR,154.82,6U1N
A,268,PHE,142.5,6U1N
A,269,SER,131.97,6U1N
A,270,LYS,123.68,6U1N
A,271,VAL,115.35,6U1N
A,272,TYR,114.91,6U1N
A,273,THR,105.46,6U1N
A,274,LEU,105.64,6U1N
A,275,THR,96.89,6U1N
A,276,PRO,90.36,6U1N
A,277,PHE,86.57,6U1N
A,278,LEU,87.58,6U1N
A,279,ALA,94.13,6U1N
A,280,ASN,91.82,6U1N
A,281,ASN,91.32,6U1N
A,282,ARG,94.37,6U1N
A,283,GLU,107.43,6U1N
A,284,LYS,103.38,6U1N
A,285,ARG,111.28,6U1N
A,286,GLY,102.58,6U1N
A,287,LEU,90.71,6U1N
A,288,ALA,91.81,6U1N
A,289,LEU,90.79,6U1N
A,290,ASP,96.87,6U1N
A,291,GLY,98.41,6U1N
A,292,LYS,103.06,6U1N
A,293,LEU,96.77,6U1N
A,294,LYS,107.93,6U1N
A,295,HIS,115.75,6U1N
A,296,GLU,106.88,6U1N
A,297,ASP,106.68,6U1N
A,298,THR,92.96,6U1N
A,299,ASN,85.96,6U1N
A,300,LEU,81.83,6U1N
A,301,ALA,88.17,6U1N
A,302,SER,90.64,6U1N
A,303,SER,100.31,6U1N
A,304,THR,108.26,6U1N
A,305,LEU,113.8,6U1N
A,306,LEU,128.52,6U1N
A,307,ARG,159.71,6U1N
A,308,GLU,170.24,6U1N
A,309,GLY,176.09,6U1N
A,310,ALA,168.99,6U1N
A,311,ASN,168.12,6U1N
A,312,ARG,158.65,6U1N
A,313,GLU,164.41,6U1N
A,314,ILE,154.75,6U1N
A,315,LEU,140.38,6U1N
A,316,GLY,122.21,6U1N
A,317,ILE,106.55,6U1N
A,318,ILE,108.11,6U1N
A,319,VAL,104.69,6U1N
A,320,SER,107.59,6U1N
A,321,TYR,103.1,6U1N
A,322,LYS,108.97,6U1N
A,323,VAL,107.92,6U1N
A,324,LYS,118.27,6U1N
A,325,VAL,128.55,6U1N
A,326,LYS,140.07,6U1N
A,327,LEU,143.66,6U1N
A,328,VAL,157.45,6U1N
A,329,VAL,160.72,6U1N
A,330,SER,168.21,6U1N
A,331,ARG,175.49,6U1N
A,332,GLY,186.43,6U1N
A,333,GLY,196.17,6U1N
A,334,LEU,192.96,6U1N
A,335,LEU,195.05,6U1N
A,336,GLY,193.0,6U1N
A,337,ASP,191.23,6U1N
A,338,LEU,189.75,6U1N
A,339,ALA,186.94,6U1N
A,340,SER,177.4,6U1N
A,341,SER,160.7,6U1N
A,342,ASP,153.3,6U1N
A,343,VAL,138.45,6U1N
A,344,ALA,124.35,6U1N
A,345,VAL,116.85,6U1N
A,346,GLU,123.31,6U1N
A,347,LEU,111.72,6U1N
A,348,PRO,105.0,6U1N
A,349,PHE,104.44,6U1N
A,350,THR,111.74,6U1N
A,351,LEU,108.35,6U1N
A,352,MET,99.08,6U1N
A,353,HIS,92.11,6U1N
A,354,PRO,95.17,6U1N
A,355,LYS,96.95,6U1N
A,356,PRO,105.61,6U1N
A,357,LYS,121.31,6U1N
A,358,GLU,119.69,6U1N
A,359,GLU,117.03,6U1N
A,360,PRO,120.04,6U1N
A,361,PRO,126.24,6U1N
A,362,HIS,123.33,6U1N
A,363,ARG,121.24,6U1N
A,364,GLU,123.58,6U1N
R,20,THR,1.29,6U1N
R,21,PHE,1.3,6U1N
R,22,GLU,1.31,6U1N
R,23,VAL,1.32,6U1N
R,24,VAL,1.33,6U1N
R,25,PHE,1.34,6U1N
R,26,ILE,1.35,6U1N
R,27,VAL,1.36,6U1N
R,28,LEU,1.37,6U1N
R,29,VAL,1.38,6U1N
R,30,ALA,1.39,6U1N
R,31,GLY,1.4,6U1N
R,32,SER,1.41,6U1N
R,33,LEU,1.42,6U1N
R,34,SER,1.43,6U1N
R,35,LEU,1.44,6U1N
R,36,VAL,1.45,6U1N
R,37,THR,1.46,6U1N
R,38,ILE,1.47,6U1N
R,39,ILE,1.48,6U1N
R,40,GLY,1.49,6U1N
R,41,ASN,1.5,6U1N
R,42,ILE,1.51,6U1N
R,43,LEU,1.52,6U1N
R,44,VAL,1.53,6U1N
R,45,MET,1.54,6U1N
R,46,VAL,1.55,6U1N
R,47,SER,1.56,6U1N
R,48,ILE,1.57,6U1N
R,49,LYS,1.58,6U1N
R,50,VAL,1.59,6U1N
R,51,ASN,1.6,6U1N
R,52,ARG,12.48,6U1N
R,53,HIS,12.49,6U1N
R,54,LEU,12.5,6U1N
R,55,GLN,12.51,6U1N
R,56,THR,2.37,6U1N
R,57,VAL,2.38,6U1N
R,58,ASN,2.39,6U1N
R,59,ASN,2.4,6U1N
R,60,TYR,2.41,6U1N
R,61,PHE,2.42,6U1N
R,62,LEU,2.43,6U1N
R,63,PHE,2.44,6U1N
R,64,SER,2.45,6U1N
R,65,LEU,2.46,6U1N
R,66,ALA,2.47,6U1N
R,67,CYS,2.48,6U1N
R,68,ALA,2.49,6U1N
R,69,ASP,2.5,6U1N
R,70,LEU,2.51,6U1N
R,71,ILE,2.52,6U1N
R,72,ILE,2.53,6U1N
R,73,GLY,2.54,6U1N
R,74,VAL,2.55,6U1N
R,75,PHE,2.56,6U1N
R,76,SER,2.57,6U1N
R,77,MET,2.58,6U1N
R,78,ASN,2.59,6U1N
R,79,LEU,2.6,6U1N
R,80,TYR,2.61,6U1N
R,81,THR,2.62,6U1N
R,82,LEU,2.63,6U1N
R,83,TYR,2.64,6U1N
R,84,THR,2.65,6U1N
R,85,VAL,2.66,6U1N
R,86,ILE,2.67,6U1N
R,87,GLY,2.68,6U1N
R,88,TYR,23.49,6U1N
R,89,TRP,23.5,6U1N
R,90,PRO,23.51,6U1N
R,91,LEU,23.52,6U1N
R,92,GLY,3.21,6U1N
R,93,PRO,3.22,6U1N
R,94,VAL,3.23,6U1N
R,95,VAL,3.24,6U1N
R,96,CYS,3.25,6U1N
R,97,ASP,3.26,6U1N
R,98,LEU,3.27,6U1N
R,99,TRP,3.28,6U1N
R,100,LEU,3.29,6U1N
R,101,ALA,3.3,6U1N
R,102,LEU,3.31,6U1N
R,103,ASP,3.32,6U1N
R,104,TYR,3.33,6U1N
R,105,VAL,3.34,6U1N
R,106,VAL,3.35,6U1N
R,107,SER,3.36,6U1N
R,108,ASN,3.37,6U1N
R,109,ALA,3.38,6U1N
R,110,SER,3.39,6U1N
R,111,VAL,3.4,6U1N
R,112,MET,3.41,6U1N
R,113,ASN,3.42,6U1N
R,114,LEU,3.43,6U1N
R,115,LEU,3.44,6U1N
R,116,ILE,3.45,6U1N
R,117,ILE,3.46,6U1N
R,118,SER,3.47,6U1N
R,119,PHE,3.48,6U1N
R,120,ASP,3.49,6U1N
R,121,ARG,3.5,6U1N
R,122,TYR,3.51,6U1N
R,123,PHE,3.52,6U1N
R,124,CYS,3.53,6U1N
R,125,VAL,3.54,6U1N
R,126,THR,3.55,6U1N
R,127,LYS,3.56,6U1N
R,128,PRO,34.5,6U1N
R,129,LEU,34.51,6U1N
R,130,THR,34.52,6U1N
R,131,TYR,34.53,6U1N
R,132,PRO,34.54,6U1N
R,133,VAL,34.55,6U1N
R,134,LYS,34.56,6U1N
R,135,ARG,34.57,6U1N
R,136,THR,4.38,6U1N
R,137,THR,4.39,6U1N
R,138,LYS,4.4,6U1N
R,139,MET,4.41,6U1N
R,140,ALA,4.42,6U1N
R,141,GLY,4.43,6U1N
R,142,MET,4.44,6U1N
R,143,MET,4.45,6U1N
R,144,ILE,4.46,6U1N
R,145,ALA,4.47,6U1N
R,146,ALA,4.48,6U1N
R,147,ALA,4.49,6U1N
R,148,TRP,4.5,6U1N
R,149,VAL,4.51,6U1N
R,150,LEU,4.52,6U1N
R,151,SER,4.53,6U1N
R,152,PHE,4.54,6U1N
R,153,ILE,4.55,6U1N
R,154,LEU,4.56,6U1N
R,155,TRP,4.57,6U1N
R,156,ALA,4.58,6U1N
R,157,PRO,4.59,6U1N
R,158,ALA,4.6,6U1N
R,159,ILE,4.61,6U1N
R,160,LEU,4.62,6U1N
R,161,PHE,4.63,6U1N
R,162,TRP,4.64,6U1N
R,163,GLN,4.65,6U1N
R,164,PHE,4.66,6U1N
R,165,ILE,4.67,6U1N
R,166,VAL,4.68,6U1N
R,167,GLY,4.69,6U1N
R,168,VAL,249.9,6U1N
R,169,ARG,251.21,6U1N
R,170,THR,250.88,6U1N
R,171,VAL,258.78,6U1N
R,172,GLU,280.53,6U1N
R,173,ASP,293.48,6U1N
R,174,GLY,297.87,6U1N
R,175,GLU,299.62,6U1N
R,176,CYS,45.5,6U1N
R,177,TYR,45.51,6U1N
R,178,ILE,45.52,6U1N
R,179,GLN,236.14,6U1N
R,180,PHE,234.74,6U1N
R,181,PHE,249.99,6U1N
R,182,SER,249.36,6U1N
R,183,ASN,5.35,6U1N
R,184,ALA,5.36,6U1N
R,185,ALA,5.37,6U1N
R,186,VAL,5.38,6U1N
R,187,THR,5.39,6U1N
R,188,PHE,5.4,6U1N
R,189,GLY,5.41,6U1N
R,190,THR,5.42,6U1N
R,191,ALA,5.43,6U1N
R,192,ILE,5.44,6U1N
R,193,ALA,5.45,6U1N
R,194,ALA,5.46,6U1N
R,195,PHE,5.47,6U1N
R,196,TYR,5.48,6U1N
R,197,LEU,5.49,6U1N
R,198,PRO,5.5,6U1N
R,199,VAL,5.51,6U1N
R,200,ILE,5.52,6U1N
R,201,ILE,5.53,6U1N
R,202,MET,5.54,6U1N
R,203,THR,5.55,6U1N
R,204,VAL,5.56,6U1N
R,205,LEU,5.57,6U1N
R,206,TYR,5.58,6U1N
R,207,TRP,5.59,6U1N
R,208,HIS,5.6,6U1N
R,209,ILE,5.61,6U1N
R,210,SER,5.62,6U1N
R,211,ARG,5.63,6U1N
R,212,ALA,5.64,6U1N
R,213,SER,5.65,6U1N
R,382,GLU,6.3,6U1N
R,383,LYS,6.31,6U1N
R,384,LYS,6.32,6U1N
R,385,VAL,6.33,6U1N
R,386,THR,6.34,6U1N
R,387,ARG,6.35,6U1N
R,388,THR,6.36,6U1N
R,389,ILE,6.37,6U1N
R,390,LEU,6.38,6U1N
R,391,ALA,6.39,6U1N
R,392,ILE,6.4,6U1N
R,393,LEU,6.41,6U1N
R,394,LEU,6.42,6U1N
R,395,ALA,6.43,6U1N
R,396,PHE,6.44,6U1N
R,397,ILE,6.45,6U1N
R,398,ILE,6.46,6U1N
R,399,THR,6.47,6U1N
R,400,TRP,6.48,6U1N
R,401,ALA,6.49,6U1N
R,402,PRO,6.5,6U1N
R,403,TYR,6.51,6U1N
R,404,ASN,6.52,6U1N
R,405,VAL,6.53,6U1N
R,406,MET,6.54,6U1N
R,407,VAL,6.55,6U1N
R,408,LEU,6.56,6U1N
R,409,ILE,6.57,6U1N
R,410,ASN,6.58,6U1N
R,411,THR,6.59,6U1N
R,412,PHE,6.6,6U1N
R,413,CYS,6.61,6U1N
R,414,ALA,299.08,6U1N
R,415,PRO,306.15,6U1N
R,416,CYS,311.22,6U1N
R,417,ILE,306.99,6U1N
R,418,PRO,7.31,6U1N
R,419,ASN,7.32,6U1N
R,420,THR,7.33,6U1N
R,421,VAL,7.34,6U1N
R,422,TRP,7.35,6U1N
R,423,THR,7.36,6U1N
R,424,ILE,7.37,6U1N
R,425,GLY,7.38,6U1N
R,426,TYR,7.39,6U1N
R,427,TRP,7.4,6U1N
R,428,LEU,7.41,6U1N
R,429,CYS,7.42,6U1N
R,430,TYR,7.43,6U1N
R,431,ILE,7.44,6U1N
R,432,ASN,7.45,6U1N
R,433,SER,7.46,6U1N
R,434,THR,7.47,6U1N
R,435,ILE,7.48,6U1N
R,436,ASN,7.49,6U1N
R,437,PRO,7.5,6U1N
R,438,ALA,7.51,6U1N
R,439,CYS,7.52,6U1N
R,440,TYR,7.53,6U1N
R,441,ALA,7.54,6U1N
R,442,LEU,7.55,6U1N
R,443,CYS,7.56,6U1N
R,444,ASN,8.47,6U1N
R,445,ALA,8.48,6U1N
R,446,THR,8.49,6U1N
R,447,PHE,8.5,6U1N
R,448,LYS,8.51,6U1N
R,449,LYS,8.52,6U1N
R,450,THR,8.53,6U1N
R,451,PHE,8.54,6U1N
R,452,LYS,8.55,6U1N
A,8,VAL,119.48,6UP7
A,9,PHE,116.84,6UP7
A,10,LYS,112.15,6UP7
A,11,LYS,113.96,6UP7
A,12,ALA,124.39,6UP7
A,13,SER,130.2,6UP7
A,14,PRO,130.22,6UP7
A,15,ASN,131.17,6UP7
A,16,GLY,129.77,6UP7
A,17,LYS,129.2,6UP7
A,18,LEU,118.44,6UP7
A,19,THR,115.05,6UP7
A,20,VAL,106.87,6UP7
A,21,TYR,108.15,6UP7
A,22,LEU,108.16,6UP7
A,23,GLY,110.82,6UP7
A,24,LYS,95.03,6UP7
A,25,ARG,87.5,6UP7
A,26,ASP,88.02,6UP7
A,27,PHE,88.58,6UP7
A,28,VAL,103.18,6UP7
A,29,ASP,117.23,6UP7
A,30,HIS,126.61,6UP7
A,31,ILE,126.59,6UP7
A,32,ASP,126.52,6UP7
A,33,LEU,133.54,6UP7
A,34,VAL,132.32,6UP7
A,35,ASP,123.09,6UP7
A,36,PRO,125.1,6UP7
A,37,VAL,116.08,6UP7
A,38,ASP,110.0,6UP7
A,39,GLY,111.09,6UP7
A,40,VAL,126.18,6UP7
A,41,VAL,125.62,6UP7
A,42,LEU,124.78,6UP7
A,43,VAL,131.42,6UP7
A,44,ASP,142.34,6UP7
A,45,PRO,145.46,6UP7
A,46,GLU,145.47,6UP7
A,47,TYR,136.05,6UP7
A,48,LEU,125.17,6UP7
A,49,LYS,121.11,6UP7
A,50,GLU,119.24,6UP7
A,51,ARG,111.64,6UP7
A,52,ARG,110.3,6UP7
A,53,VAL,100.16,6UP7
A,54,TYR,100.64,6UP7
A,55,VAL,100.3,6UP7
A,56,THR,86.31,6UP7
A,57,LEU,75.54,6UP7
A,58,THR,61.2,6UP7
A,59,VAL,62.08,6UP7
A,60,ALA,61.7,6UP7
A,61,PHE,76.06,6UP7
A,62,ARG,73.41,6UP7
A,63,TYR,89.67,6UP7
A,64,GLY,109.82,6UP7
A,65,ARG,111.44,6UP7
A,66,GLU,113.58,6UP7
A,67,ASP,115.48,6UP7
A,68,LEU,102.4,6UP7
A,69,ASP,101.95,6UP7
A,70,VAL,104.99,6UP7
A,71,LEU,104.9,6UP7
A,72,GLY,104.61,6UP7
A,73,LEU,108.92,6UP7
A,74,THR,98.01,6UP7
A,75,PHE,95.7,6UP7
A,76,ARG,90.98,6UP7
A,77,LYS,86.66,6UP7
A,78,ASP,82.42,6UP7
A,79,LEU,76.63,6UP7
A,80,PHE,84.38,6UP7
A,81,VAL,80.75,6UP7
A,82,ALA,77.07,6UP7
A,83,ASN,70.85,6UP7
A,84,VAL,92.39,6UP7
A,85,GLN,101.05,6UP7
A,86,SER,105.4,6UP7
A,87,PHE,118.15,6UP7
A,88,PRO,134.37,6UP7
A,89,PRO,163.42,6UP7
A,90,ALA,198.62,6UP7
A,91,PRO,210.69,6UP7
A,92,GLU,214.39,6UP7
A,93,ASP,225.39,6UP7
A,94,LYS,224.78,6UP7
A,95,LYS,227.11,6UP7
A,96,PRO,224.61,6UP7
A,97,LEU,204.84,6UP7
A,98,THR,181.24,6UP7
A,99,ARG,183.9,6UP7
A,100,LEU,183.91,6UP7
A,101,GLN,183.53,6UP7
A,102,GLU,185.26,6UP7
A,103,ARG,185.27,6UP7
A,104,LEU,190.77,6UP7
A,105,ILE,194.71,6UP7
A,106,LYS,191.27,6UP7
A,107,LYS,186.3,6UP7
A,108,LEU,185.64,6UP7
A,109,GLY,158.68,6UP7
A,110,GLU,135.6,6UP7
A,111,HIS,127.29,6UP7
A,112,ALA,127.2,6UP7
A,113,TYR,123.34,6UP7
A,114,PRO,114.94,6UP7
A,115,PHE,105.73,6UP7
A,116,THR,108.53,6UP7
A,117,PHE,102.72,6UP7
A,118,GLU,104.4,6UP7
A,119,ILE,100.15,6UP7
A,120,PRO,98.43,6UP7
A,121,PRO,98.28,6UP7
A,122,ASN,88.57,6UP7
A,123,LEU,70.26,6UP7
A,124,PRO,56.85,6UP7
A,125,SER,53.99,6UP7
A,126,SER,44.35,6UP7
A,127,VAL,42.72,6UP7
A,128,THR,56.73,6UP7
A,129,LEU,57.28,6UP7
A,130,GLN,62.44,6UP7
A,131,PRO,71.85,6UP7
A,132,GLY,94.87,6UP7
A,133,PRO,104.32,6UP7
A,134,GLU,115.48,6UP7
A,135,ASP,117.6,6UP7
A,136,THR,112.66,6UP7
A,137,GLY,106.95,6UP7
A,138,LYS,85.3,6UP7
A,139,ALA,77.11,6UP7
A,140,LEU,66.1,6UP7
A,141,GLY,57.69,6UP7
A,142,VAL,51.92,6UP7
A,143,ASP,48.09,6UP7
A,144,TYR,53.12,6UP7
A,145,GLU,54.14,6UP7
A,146,VAL,66.09,6UP7
A,147,LYS,75.57,6UP7
A,148,ALA,83.13,6UP7
A,149,PHE,89.51,6UP7
A,150,VAL,114.08,6UP7
A,151,ALA,129.33,6UP7
A,152,GLU,137.73,6UP7
A,153,ASN,146.61,6UP7
A,154,LEU,161.81,6UP7
A,155,GLU,168.4,6UP7
A,156,GLU,179.19,6UP7
A,157,LYS,175.09,6UP7
A,158,ILE,154.79,6UP7
A,159,HIS,141.74,6UP7
A,160,LYS,139.39,6UP7
A,161,ARG,138.98,6UP7
A,162,ASN,144.56,6UP7
A,163,SER,136.07,6UP7
A,164,VAL,104.75,6UP7
A,165,ARG,86.12,6UP7
A,166,LEU,75.66,6UP7
A,167,VAL,65.0,6UP7
A,168,ILE,63.67,6UP7
A,169,ARG,77.85,6UP7
A,170,LYS,63.19,6UP7
A,171,VAL,88.35,6UP7
A,172,GLN,93.39,6UP7
A,173,TYR,103.86,6UP7
A,174,ALA,120.36,6UP7
A,175,PRO,137.4,6UP7
A,176,GLU,155.52,6UP7
A,177,ARG,159.23,6UP7
A,178,PRO,159.94,6UP7
A,179,GLY,157.44,6UP7
A,180,PRO,150.18,6UP7
A,181,GLN,137.11,6UP7
A,182,PRO,121.11,6UP7
A,183,THR,109.13,6UP7
A,184,ALA,103.12,6UP7
A,185,GLU,114.1,6UP7
A,186,THR,120.25,6UP7
A,187,THR,124.66,6UP7
A,188,ARG,131.84,6UP7
A,189,GLN,137.03,6UP7
A,190,PHE,138.26,6UP7
A,191,LEU,154.48,6UP7
A,192,MET,172.19,6UP7
A,193,SER,183.49,6UP7
A,194,ASP,179.93,6UP7
A,195,LYS,168.6,6UP7
A,196,PRO,150.64,6UP7
A,197,LEU,126.42,6UP7
A,198,HIS,113.26,6UP7
A,199,LEU,104.51,6UP7
A,200,GLU,104.61,6UP7
A,201,ALA,108.05,6UP7
A,202,SER,106.29,6UP7
A,203,LEU,97.65,6UP7
A,204,ASP,91.61,6UP7
A,205,LYS,82.45,6UP7
A,206,GLU,81.71,6UP7
A,207,ILE,77.8,6UP7
A,208,TYR,74.72,6UP7
A,209,TYR,68.01,6UP7
A,210,HIS,73.58,6UP7
A,211,GLY,92.41,6UP7
A,212,GLU,95.5,6UP7
A,213,PRO,96.32,6UP7
A,214,ILE,94.44,6UP7
A,215,SER,103.32,6UP7
A,216,VAL,107.42,6UP7
A,217,ASN,113.52,6UP7
A,218,VAL,112.99,6UP7
A,219,HIS,114.74,6UP7
A,220,VAL,114.72,6UP7
A,221,THR,124.97,6UP7
A,222,ASN,153.95,6UP7
A,223,ASN,154.06,6UP7
A,224,THR,148.26,6UP7
A,225,ASN,145.44,6UP7
A,226,LYS,129.67,6UP7
A,227,THR,123.77,6UP7
A,228,VAL,116.36,6UP7
A,229,LYS,109.15,6UP7
A,230,LYS,99.48,6UP7
A,231,ILE,85.74,6UP7
A,232,LYS,79.53,6UP7
A,233,ILE,74.72,6UP7
A,234,SER,65.05,6UP7
A,235,VAL,57.1,6UP7
A,236,ARG,57.77,6UP7
A,237,GLN,47.83,6UP7
A,238,TYR,52.45,6UP7
A,239,ALA,51.47,6UP7
A,240,ASP,54.8,6UP7
A,241,ILE,73.84,6UP7
A,242,VAL,88.08,6UP7
A,243,LEU,94.09,6UP7
A,244,PHE,99.69,6UP7
A,245,ASN,105.18,6UP7
A,246,THR,109.25,6UP7
A,247,ALA,92.8,6UP7
A,248,GLN,82.52,6UP7
A,249,TYR,62.12,6UP7
A,250,LYS,70.93,6UP7
A,251,VAL,55.48,6UP7
A,252,PRO,50.91,6UP7
A,253,VAL,47.42,6UP7
A,254,ALA,63.89,6UP7
A,255,MET,94.29,6UP7
A,256,GLU,97.92,6UP7
A,257,GLU,106.01,6UP7
A,258,ALA,110.26,6UP7
A,259,ASP,114.59,6UP7
A,260,ASP,110.9,6UP7
A,261,THR,109.53,6UP7
A,262,VAL,115.1,6UP7
A,263,ALA,122.95,6UP7
A,264,PRO,132.2,6UP7
A,265,SER,139.95,6UP7
A,266,SER,137.77,6UP7
A,267,THR,126.84,6UP7
A,268,PHE,113.81,6UP7
A,269,SER,109.72,6UP7
A,270,LYS,95.55,6UP7
A,271,VAL,101.51,6UP7
A,272,TYR,99.46,6UP7
A,273,THR,106.49,6UP7
A,274,LEU,88.49,6UP7
A,275,THR,96.09,6UP7
A,276,PRO,73.6,6UP7
A,277,PHE,69.51,6UP7
A,278,LEU,82.54,6UP7
A,279,ALA,88.85,6UP7
A,280,ASN,84.01,6UP7
A,281,ASN,77.01,6UP7
A,282,ARG,79.98,6UP7
A,283,GLU,73.84,6UP7
A,284,LYS,69.13,6UP7
A,285,ARG,79.47,6UP7
A,286,GLY,64.51,6UP7
A,287,LEU,56.61,6UP7
A,288,ALA,40.22,6UP7
A,289,LEU,41.84,6UP7
A,290,ASP,47.46,6UP7
A,291,GLY,56.49,6UP7
A,292,LYS,67.17,6UP7
A,293,LEU,75.71,6UP7
A,294,LYS,79.68,6UP7
A,295,HIS,86.5,6UP7
A,296,GLU,90.23,6UP7
A,297,ASP,94.24,6UP7
A,298,THR,76.43,6UP7
A,299,ASN,54.91,6UP7
A,300,LEU,44.5,6UP7
A,301,ALA,44.87,6UP7
A,302,SER,56.17,6UP7
A,303,SER,53.99,6UP7
A,304,THR,44.87,6UP7
A,305,LEU,57.89,6UP7
A,306,LEU,81.83,6UP7
A,307,ARG,116.13,6UP7
A,308,GLU,132.04,6UP7
A,309,GLY,144.8,6UP7
A,310,ALA,147.43,6UP7
A,311,ASN,136.32,6UP7
A,312,ARG,116.36,6UP7
A,313,GLU,112.92,6UP7
A,314,ILE,106.66,6UP7
A,315,LEU,108.42,6UP7
A,316,GLY,90.34,6UP7
A,317,ILE,60.75,6UP7
A,318,ILE,54.17,6UP7
A,319,VAL,41.59,6UP7
A,320,SER,55.93,6UP7
A,321,TYR,49.87,6UP7
A,322,LYS,54.31,6UP7
A,323,VAL,61.46,6UP7
A,324,LYS,69.8,6UP7
A,325,VAL,83.78,6UP7
A,326,LYS,89.86,6UP7
A,327,LEU,99.94,6UP7
A,328,VAL,110.55,6UP7
A,329,VAL,130.65,6UP7
A,330,SER,155.98,6UP7
A,331,ARG,157.16,6UP7
A,332,GLY,176.89,6UP7
A,333,GLY,183.93,6UP7
A,334,LEU,185.21,6UP7
A,335,LEU,193.06,6UP7
A,336,GLY,194.45,6UP7
A,337,ASP,196.15,6UP7
A,338,LEU,195.23,6UP7
A,339,ALA,183.2,6UP7
A,340,SER,163.18,6UP7
A,341,SER,146.98,6UP7
A,342,ASP,121.29,6UP7
A,343,VAL,106.64,6UP7
A,344,ALA,90.43,6UP7
A,345,VAL,91.02,6UP7
A,346,GLU,81.19,6UP7
A,347,LEU,75.42,6UP7
A,348,PRO,63.72,6UP7
A,349,PHE,50.79,6UP7
A,350,THR,56.45,6UP7
A,351,LEU,57.31,6UP7
A,352,MET,65.12,6UP7
A,353,HIS,72.12,6UP7
A,354,PRO,84.29,6UP7
A,355,LYS,82.82,6UP7
R,50,PRO,248.75,6UP7
R,51,SER,249.37,6UP7
R,52,SER,250.09,6UP7
R,53,GLU,239.17,6UP7
R,54,LEU,228.14,6UP7
R,55,ASP,256.7,6UP7
R,56,VAL,228.98,6UP7
R,57,ASN,232.82,6UP7
R,58,THR,228.28,6UP7
R,59,ASP,1.28,6UP7
R,60,ILE,1.29,6UP7
R,61,TYR,1.3,6UP7
R,62,SER,1.31,6UP7
R,63,LYS,1.32,6UP7
R,64,VAL,1.33,6UP7
R,65,LEU,1.34,6UP7
R,66,VAL,1.35,6UP7
R,67,THR,1.36,6UP7
R,68,ALA,1.37,6UP7
R,69,VAL,1.38,6UP7
R,70,TYR,1.39,6UP7
R,71,LEU,1.4,6UP7
R,72,ALA,1.41,6UP7
R,73,LEU,1.42,6UP7
R,74,PHE,1.43,6UP7
R,75,VAL,1.44,6UP7
R,76,VAL,1.45,6UP7
R,77,GLY,1.46,6UP7
R,78,THR,1.47,6UP7
R,79,VAL,1.48,6UP7
R,80,GLY,1.49,6UP7
R,81,ASN,1.5,6UP7
R,82,THR,1.51,6UP7
R,83,VAL,1.52,6UP7
R,84,THR,1.53,6UP7
R,85,ALA,1.54,6UP7
R,86,PHE,1.55,6UP7
R,87,THR,1.56,6UP7
R,88,LEU,1.57,6UP7
R,89,ALA,1.58,6UP7
R,90,ARG,1.59,6UP7
R,91,LYS,1.6,6UP7
R,92,LYS,86.85,6UP7
R,93,SER,90.41,6UP7
R,94,LEU,91.07,6UP7
R,95,GLN,96.38,6UP7
R,96,SER,2.34,6UP7
R,97,LEU,2.35,6UP7
R,98,GLN,2.36,6UP7
R,99,SER,2.37,6UP7
R,100,THR,2.38,6UP7
R,101,VAL,2.39,6UP7
R,102,HIS,2.4,6UP7
R,103,TYR,2.41,6UP7
R,104,HIS,2.42,6UP7
R,105,LEU,2.43,6UP7
R,106,GLY,2.44,6UP7
R,107,SER,2.45,6UP7
R,108,LEU,2.46,6UP7
R,109,ALA,2.47,6UP7
R,110,LEU,2.48,6UP7
R,111,SER,2.49,6UP7
R,112,ASP,2.5,6UP7
R,113,LEU,2.51,6UP7
R,114,LEU,2.52,6UP7
R,115,THR,2.53,6UP7
R,116,LEU,2.54,6UP7
R,117,LEU,2.55,6UP7
R,118,LEU,2.56,6UP7
R,119,ALA,2.57,6UP7
R,120,MET,2.58,6UP7
R,121,PRO,2.59,6UP7
R,122,VAL,2.6,6UP7
R,123,GLU,2.61,6UP7
R,124,LEU,2.62,6UP7
R,125,TYR,2.63,6UP7
R,126,ASN,2.64,6UP7
R,127,PHE,2.65,6UP7
R,128,ILE,2.66,6UP7
R,129,TRP,2.67,6UP7
R,130,VAL,2.68,6UP7
R,131,HIS,249.23,6UP7
R,132,HIS,254.13,6UP7
R,133,PRO,23.49,6UP7
R,134,TRP,23.5,6UP7
R,135,ALA,23.51,6UP7
R,136,PHE,23.52,6UP7
R,137,GLY,3.21,6UP7
R,138,ASP,3.22,6UP7
R,139,ALA,3.23,6UP7
R,140,GLY,3.24,6UP7
R,141,CYS,3.25,6UP7
R,142,ARG,3.26,6UP7
R,143,GLY,3.27,6UP7
R,144,TYR,3.28,6UP7
R,145,TYR,3.29,6UP7
R,146,PHE,3.3,6UP7
R,147,LEU,3.31,6UP7
R,148,ARG,3.32,6UP7
R,149,ASP,3.33,6UP7
R,150,ALA,3.34,6UP7
R,151,CYS,3.35,6UP7
R,152,THR,3.36,6UP7
R,153,TYR,3.37,6UP7
R,154,ALA,3.38,6UP7
R,155,THR,3.39,6UP7
R,156,ALA,3.4,6UP7
R,157,LEU,3.41,6UP7
R,158,ASN,3.42,6UP7
R,159,VAL,3.43,6UP7
R,160,ALA,3.44,6UP7
R,161,SER,3.45,6UP7
R,162,LEU,3.46,6UP7
R,163,SER,3.47,6UP7
R,164,VAL,3.48,6UP7
R,165,GLU,3.49,6UP7
R,166,ARG,3.5,6UP7
R,167,TYR,3.51,6UP7
R,168,LEU,3.52,6UP7
R,169,ALA,3.53,6UP7
R,170,ILE,3.54,6UP7
R,171,CYS,3.55,6UP7
R,172,HIS,3.56,6UP7
R,173,PRO,34.5,6UP7
R,174,PHE,34.51,6UP7
R,175,LYS,34.52,6UP7
R,176,ALA,34.53,6UP7
R,177,LYS,34.54,6UP7
R,178,THR,34.55,6UP7
R,179,LEU,34.56,6UP7
R,180,MET,34.57,6UP7
R,181,SER,4.38,6UP7
R,182,ARG,4.39,6UP7
R,183,SER,4.4,6UP7
R,184,ARG,4.41,6UP7
R,185,THR,4.42,6UP7
R,186,LYS,4.43,6UP7
R,187,LYS,4.44,6UP7
R,188,PHE,4.45,6UP7
R,189,ILE,4.46,6UP7
R,190,SER,4.47,6UP7
R,191,ALA,4.48,6UP7
R,192,ILE,4.49,6UP7
R,193,TRP,4.5,6UP7
R,194,LEU,4.51,6UP7
R,195,ALA,4.52,6UP7
R,196,SER,4.53,6UP7
R,197,ALA,4.54,6UP7
R,198,LEU,4.55,6UP7
R,199,LEU,4.56,6UP7
R,200,ALA,4.57,6UP7
R,201,VAL,4.58,6UP7
R,202,PRO,4.59,6UP7
R,203,MET,4.6,6UP7
R,204,LEU,4.61,6UP7
R,205,PHE,4.62,6UP7
R,206,THR,4.63,6UP7
R,207,MET,4.64,6UP7
R,208,GLY,230.64,6UP7
R,209,GLU,256.31,6UP7
R,210,GLN,255.73,6UP7
R,211,ASN,258.93,6UP7
R,212,ARG,256.12,6UP7
R,213,SER,288.01,6UP7
R,214,ALA,310.17,6UP7
R,215,ASP,306.73,6UP7
R,216,GLY,307.36,6UP7
R,217,GLN,288.95,6UP7
R,218,HIS,260.48,6UP7
R,219,ALA,255.85,6UP7
R,220,GLY,263.7,6UP7
R,221,GLY,267.81,6UP7
R,222,LEU,261.83,6UP7
R,223,VAL,254.68,6UP7
R,224,CYS,45.5,6UP7
R,225,THR,45.51,6UP7
R,226,PRO,45.52,6UP7
R,227,THR,227.98,6UP7
R,228,ILE,223.12,6UP7
R,229,HIS,5.31,6UP7
R,230,THR,5.32,6UP7
R,231,ALA,5.33,6UP7
R,232,THR,5.34,6UP7
R,233,VAL,5.35,6UP7
R,234,LYS,5.36,6UP7
R,235,VAL,5.37,6UP7
R,236,VAL,5.38,6UP7
R,237,ILE,5.39,6UP7
R,238,GLN,5.4,6UP7
R,239,VAL,5.41,6UP7
R,240,ASN,5.42,6UP7
R,241,THR,5.43,6UP7
R,242,PHE,5.44,6UP7
R,243,MET,5.45,6UP7
R,244,SER,5.46,6UP7
R,245,PHE,5.47,6UP7
R,246,ILE,5.48,6UP7
R,247,PHE,5.49,6UP7
R,248,PRO,5.5,6UP7
R,249,MET,5.51,6UP7
R,250,VAL,5.52,6UP7
R,251,VAL,5.53,6UP7
R,252,ILE,5.54,6UP7
R,253,SER,5.55,6UP7
R,254,VAL,5.56,6UP7
R,255,LEU,5.57,6UP7
R,256,ASN,5.58,6UP7
R,257,THR,5.59,6UP7
R,258,ILE,5.6,6UP7
R,259,ILE,5.61,6UP7
R,260,ALA,5.62,6UP7
R,261,ASN,5.63,6UP7
R,262,LYS,5.64,6UP7
R,263,LEU,5.65,6UP7
R,264,THR,5.66,6UP7
R,265,VAL,5.67,6UP7
R,266,MET,5.68,6UP7
R,267,VAL,5.69,6UP7
R,268,ARG,5.7,6UP7
R,269,GLN,5.71,6UP7
R,270,ALA,5.72,6UP7
R,271,ALA,5.73,6UP7
R,272,GLU,5.74,6UP7
R,273,GLN,5.75,6UP7
R,286,PHE,130.38,6UP7
R,287,SER,123.62,6UP7
R,288,MET,120.68,6UP7
R,289,ALA,126.7,6UP7
R,290,ILE,131.61,6UP7
R,291,GLU,145.3,6UP7
R,292,PRO,6.24,6UP7
R,293,GLY,6.25,6UP7
R,294,ARG,6.26,6UP7
R,295,VAL,6.27,6UP7
R,296,GLN,6.28,6UP7
R,297,ALA,6.29,6UP7
R,298,LEU,6.3,6UP7
R,299,ARG,6.31,6UP7
R,300,HIS,6.32,6UP7
R,301,GLY,6.33,6UP7
R,302,VAL,6.34,6UP7
R,303,ARG,6.35,6UP7
R,304,VAL,6.36,6UP7
R,305,LEU,6.37,6UP7
R,306,ARG,6.38,6UP7
R,307,ALA,6.39,6UP7
R,308,VAL,6.4,6UP7
R,309,VAL,6.41,6UP7
R,310,ILE,6.42,6UP7
R,311,ALA,6.43,6UP7
R,312,PHE,6.44,6UP7
R,313,VAL,6.45,6UP7
R,314,VAL,6.46,6UP7
R,315,CYS,6.47,6UP7
R,316,TRP,6.48,6UP7
R,317,LEU,6.49,6UP7
R,318,PRO,6.5,6UP7
R,319,TYR,6.51,6UP7
R,320,HIS,6.52,6UP7
R,321,VAL,6.53,6UP7
R,322,ARG,6.54,6UP7
R,323,ARG,6.55,6UP7
R,324,LEU,6.56,6UP7
R,325,MET,6.57,6UP7
R,326,PHE,6.58,6UP7
R,327,CYS,6.59,6UP7
R,328,TYR,6.6,6UP7
R,329,ILE,6.61,6UP7
R,330,SER,97.56,6UP7
R,331,ASP,102.94,6UP7
R,332,GLU,102.64,6UP7
R,333,GLN,106.71,6UP7
R,334,TRP,248.14,6UP7
R,335,THR,7.24,6UP7
R,336,PRO,7.25,6UP7
R,337,PHE,7.26,6UP7
R,338,LEU,7.27,6UP7
R,339,TYR,7.28,6UP7
R,340,ASP,7.29,6UP7
R,341,PHE,7.3,6UP7
R,342,TYR,7.31,6UP7
R,343,HIS,7.32,6UP7
R,344,TYR,7.33,6UP7
R,345,PHE,7.34,6UP7
R,346,TYR,7.35,6UP7
R,347,MET,7.36,6UP7
R,348,VAL,7.37,6UP7
R,349,THR,7.38,6UP7
R,350,ASN,7.39,6UP7
R,351,ALA,7.4,6UP7
R,352,LEU,7.41,6UP7
R,353,PHE,7.42,6UP7
R,354,TYR,7.43,6UP7
R,355,VAL,7.44,6UP7
R,356,SER,7.45,6UP7
R,357,SER,7.46,6UP7
R,358,THR,7.47,6UP7
R,359,ILE,7.48,6UP7
R,360,ASN,7.49,6UP7
R,361,PRO,7.5,6UP7
R,362,ILE,7.51,6UP7
R,363,LEU,7.52,6UP7
R,364,TYR,7.53,6UP7
R,365,ASN,7.54,6UP7
R,366,LEU,7.55,6UP7
R,367,VAL,7.56,6UP7
R,368,SER,8.47,6UP7
R,369,ALA,8.48,6UP7
R,370,ASN,8.49,6UP7
R,371,PHE,8.5,6UP7
R,372,ARG,8.51,6UP7
R,373,HIS,8.52,6UP7
R,374,ILE,8.53,6UP7
R,375,PHE,8.54,6UP7
R,376,LEU,8.55,6UP7
R,377,ALA,8.56,6UP7
R,378,THR,8.57,6UP7
R,379,LEU,8.58,6UP7
R,380,ALA,8.59,6UP7
R,381,CYS,8.6,6UP7
R,382,LEU,8.61,6UP7
R,383,CYS,8.62,6UP7
A,7,ARG,131.23,6PWC
A,8,VAL,168.39,6PWC
A,9,PHE,157.73,6PWC
A,10,LYS,166.85,6PWC
A,11,LYS,191.01,6PWC
A,12,ALA,171.65,6PWC
A,13,SER,173.17,6PWC
A,14,PRO,206.14,6PWC
A,15,ASN,210.9,6PWC
A,16,GLY,166.92,6PWC
A,17,LYS,153.85,6PWC
A,18,LEU,162.64,6PWC
A,19,THR,186.63,6PWC
A,20,VAL,212.19,6PWC
A,21,TYR,179.04,6PWC
A,22,LEU,184.36,6PWC
A,23,GLY,198.1,6PWC
A,24,LYS,151.8,6PWC
A,25,ARG,156.83,6PWC
A,26,ASP,155.04,6PWC
A,27,PHE,144.9,6PWC
A,28,VAL,164.89,6PWC
A,29,ASP,189.26,6PWC
A,30,HIS,241.32,6PWC
A,31,ILE,266.86,6PWC
A,32,ASP,258.97,6PWC
A,33,LEU,234.9,6PWC
A,34,VAL,232.8,6PWC
A,35,ASP,242.37,6PWC
A,36,PRO,271.44,6PWC
A,37,VAL,311.39,6PWC
A,38,ASP,288.48,6PWC
A,39,GLY,220.09,6PWC
A,40,VAL,194.88,6PWC
A,41,VAL,228.68,6PWC
A,42,LEU,215.11,6PWC
A,43,VAL,282.91,6PWC
A,44,ASP,238.88,6PWC
A,45,PRO,251.23,6PWC
A,46,GLU,204.85,6PWC
A,47,TYR,180.45,6PWC
A,48,LEU,195.42,6PWC
A,49,LYS,189.51,6PWC
A,50,GLU,198.59,6PWC
A,51,ARG,228.46,6PWC
A,52,ARG,236.91,6PWC
A,53,VAL,236.74,6PWC
A,54,TYR,225.65,6PWC
A,55,VAL,293.94,6PWC
A,56,THR,287.96,6PWC
A,57,LEU,290.92,6PWC
A,58,THR,299.25,6PWC
A,59,CYS,268.47,6PWC
A,60,ALA,218.47,6PWC
A,61,PHE,179.09,6PWC
A,62,ARG,175.59,6PWC
A,63,TYR,154.91,6PWC
A,64,GLY,172.07,6PWC
A,65,ARG,226.39,6PWC
A,66,GLU,278.77,6PWC
A,67,ASP,268.32,6PWC
A,68,LEU,248.63,6PWC
A,69,ASP,292.12,6PWC
A,70,VAL,319.85,6PWC
A,71,LEU,298.86,6PWC
A,72,GLY,216.9,6PWC
A,73,LEU,151.66,6PWC
A,74,THR,136.35,6PWC
A,75,PHE,129.28,6PWC
A,76,ARG,134.8,6PWC
A,77,LYS,144.01,6PWC
A,78,ASP,195.62,6PWC
A,79,LEU,250.09,6PWC
A,80,PHE,268.62,6PWC
A,81,CYS,344.82,6PWC
A,82,ALA,351.67,6PWC
A,83,ASN,381.52,6PWC
A,84,VAL,364.61,6PWC
A,85,GLN,333.15,6PWC
A,86,SER,288.03,6PWC
A,87,PHE,260.3,6PWC
A,88,PRO,300.16,6PWC
A,89,PRO,381.68,6PWC
A,90,ALA,491.95,6PWC
A,91,PRO,479.91,6PWC
A,92,GLU,429.19,6PWC
A,93,ASP,377.41,6PWC
A,94,LYS,271.5,6PWC
A,95,LYS,248.92,6PWC
A,96,PRO,220.94,6PWC
A,97,LEU,192.03,6PWC
A,98,THR,173.08,6PWC
A,99,ARG,134.56,6PWC
A,100,LEU,147.45,6PWC
A,101,GLN,190.46,6PWC
A,102,GLU,163.24,6PWC
A,103,ARG,138.29,6PWC
A,104,LEU,160.93,6PWC
A,105,ILE,170.71,6PWC
A,106,LYS,142.39,6PWC
A,107,LYS,132.37,6PWC
A,108,LEU,151.91,6PWC
A,109,GLY,150.6,6PWC
A,110,GLU,140.52,6PWC
A,111,HIS,161.73,6PWC
A,112,ALA,158.36,6PWC
A,113,TYR,188.05,6PWC
A,114,PRO,266.39,6PWC
A,115,PHE,250.87,6PWC
A,116,THR,247.37,6PWC
A,117,PHE,275.92,6PWC
A,118,GLU,266.63,6PWC
A,119,ILE,217.4,6PWC
A,120,PRO,190.96,6PWC
A,121,PRO,187.31,6PWC
A,122,ASN,223.04,6PWC
A,123,LEU,270.12,6PWC
A,124,PRO,299.73,6PWC
A,125,CYS,295.15,6PWC
A,126,SER,239.02,6PWC
A,127,VAL,259.32,6PWC
A,128,THR,228.29,6PWC
A,129,LEU,175.78,6PWC
A,130,GLN,142.35,6PWC
A,131,PRO,149.11,6PWC
A,132,GLY,172.45,6PWC
A,133,PRO,193.47,6PWC
A,134,GLU,190.58,6PWC
A,135,ASP,171.27,6PWC
A,136,THR,182.02,6PWC
A,137,GLY,190.21,6PWC
A,138,LYS,193.3,6PWC
A,139,ALA,204.25,6PWC
A,140,CYS,241.22,6PWC
A,141,GLY,239.98,6PWC
A,142,VAL,238.34,6PWC
A,143,ASP,256.68,6PWC
A,144,TYR,272.84,6PWC
A,145,GLU,265.78,6PWC
A,146,VAL,286.45,6PWC
A,147,LYS,250.19,6PWC
A,148,ALA,263.53,6PWC
A,149,PHE,227.32,6PWC
A,150,CYS,274.7,6PWC
A,151,ALA,338.18,6PWC
A,152,GLU,375.78,6PWC
A,153,ASN,324.91,6PWC
A,154,LEU,286.56,6PWC
A,155,GLU,239.94,6PWC
A,156,GLU,233.88,6PWC
A,157,LYS,173.85,6PWC
A,158,ILE,162.66,6PWC
A,159,HIS,150.79,6PWC
A,160,LYS,163.29,6PWC
A,161,ARG,200.12,6PWC
A,162,ASN,221.62,6PWC
A,163,SER,209.65,6PWC
A,164,VAL,231.64,6PWC
A,165,ARG,185.33,6PWC
A,166,LEU,217.03,6PWC
A,167,VAL,233.5,6PWC
A,168,ILE,235.79,6PWC
A,169,ARG,195.9,6PWC
A,170,LYS,203.97,6PWC
A,171,VAL,149.15,6PWC
A,172,GLN,143.42,6PWC
A,173,TYR,143.62,6PWC
A,174,ALA,166.64,6PWC
A,175,PRO,163.79,6PWC
A,176,GLU,134.23,6PWC
A,177,ARG,140.32,6PWC
A,178,PRO,160.2,6PWC
A,179,GLY,194.09,6PWC
A,180,PRO,209.51,6PWC
A,181,GLN,214.72,6PWC
A,182,PRO,235.91,6PWC
A,183,THR,303.59,6PWC
A,184,ALA,297.04,6PWC
A,185,GLU,277.28,6PWC
A,186,THR,283.93,6PWC
A,187,THR,273.64,6PWC
A,188,ARG,252.97,6PWC
A,189,GLN,274.97,6PWC
A,190,PHE,364.36,6PWC
A,191,LEU,413.83,6PWC
A,192,MET,409.22,6PWC
A,193,SER,392.85,6PWC
A,194,ASP,371.79,6PWC
A,195,LYS,357.83,6PWC
A,196,PRO,317.83,6PWC
A,197,LEU,304.3,6PWC
A,198,HIS,325.9,6PWC
A,199,LEU,301.88,6PWC
A,200,GLU,305.95,6PWC
A,201,ALA,310.6,6PWC
A,202,SER,291.2,6PWC
A,203,LEU,239.9,6PWC
A,204,ASP,210.36,6PWC
A,205,LYS,194.35,6PWC
A,206,GLU,185.67,6PWC
A,207,ILE,166.19,6PWC
A,208,TYR,162.96,6PWC
A,209,TYR,145.43,6PWC
A,210,HIS,155.21,6PWC
A,211,GLY,177.06,6PWC
A,212,GLU,153.32,6PWC
A,213,PRO,147.29,6PWC
A,214,ILE,154.3,6PWC
A,215,SER,184.12,6PWC
A,216,VAL,233.13,6PWC
A,217,ASN,258.06,6PWC
A,218,VAL,302.89,6PWC
A,219,HIS,354.32,6PWC
A,220,VAL,457.8,6PWC
A,221,THR,429.49,6PWC
A,222,ASN,482.76,6PWC
A,223,ASN,469.45,6PWC
A,224,THR,436.47,6PWC
A,225,ASN,380.72,6PWC
A,226,LYS,352.36,6PWC
A,227,THR,327.17,6PWC
A,228,VAL,310.34,6PWC
A,229,LYS,276.29,6PWC
A,230,LYS,260.1,6PWC
A,231,ILE,295.49,6PWC
A,232,LYS,256.23,6PWC
A,233,ILE,242.58,6PWC
A,234,SER,191.69,6PWC
A,235,VAL,196.17,6PWC
A,236,ARG,223.27,6PWC
A,237,GLN,263.35,6PWC
A,238,TYR,282.1,6PWC
A,239,ALA,326.32,6PWC
A,240,ASP,376.76,6PWC
A,241,ILE,405.53,6PWC
A,242,CYS,403.07,6PWC
A,243,LEU,412.5,6PWC
A,244,PHE,400.49,6PWC
A,245,ASN,385.25,6PWC
A,246,THR,372.37,6PWC
A,247,ALA,359.78,6PWC
A,248,GLN,290.16,6PWC
A,249,TYR,245.25,6PWC
A,250,LYS,239.52,6PWC
A,251,CYS,253.12,6PWC
A,252,PRO,242.63,6PWC
A,253,VAL,255.97,6PWC
A,254,ALA,212.43,6PWC
A,255,MET,255.52,6PWC
A,256,GLU,305.65,6PWC
A,257,GLU,362.04,6PWC
A,258,ALA,353.88,6PWC
A,259,ASP,373.55,6PWC
A,260,ASP,374.42,6PWC
A,261,THR,399.76,6PWC
A,262,VAL,400.87,6PWC
A,263,ALA,426.56,6PWC
A,264,PRO,423.57,6PWC
A,265,SER,476.99,6PWC
A,266,SER,467.12,6PWC
A,267,THR,455.76,6PWC
A,268,PHE,394.1,6PWC
A,269,CYS,268.63,6PWC
A,270,LYS,203.61,6PWC
A,271,VAL,184.06,6PWC
A,272,TYR,163.46,6PWC
A,273,THR,170.8,6PWC
A,274,LEU,156.17,6PWC
A,275,THR,171.94,6PWC
A,276,PRO,177.44,6PWC
A,277,PHE,187.24,6PWC
A,278,LEU,184.16,6PWC
A,279,CYS,199.75,6PWC
A,280,ASN,188.92,6PWC
A,281,ASN,202.73,6PWC
A,282,ARG,203.85,6PWC
A,283,GLU,192.34,6PWC
A,284,LYS,182.11,6PWC
A,285,ARG,187.11,6PWC
A,286,GLY,189.71,6PWC
A,287,LEU,168.56,6PWC
A,288,ALA,189.23,6PWC
A,289,LEU,178.22,6PWC
A,290,ASP,161.0,6PWC
A,291,GLY,139.1,6PWC
A,292,LYS,103.88,6PWC
A,293,LEU,81.84,6PWC
A,294,LYS,70.4,6PWC
A,295,HIS,66.48,6PWC
A,296,GLU,97.13,6PWC
A,297,ASP,138.4,6PWC
A,298,THR,149.81,6PWC
A,299,ASN,162.86,6PWC
A,300,LEU,184.52,6PWC
A,301,ALA,215.61,6PWC
A,302,SER,248.67,6PWC
A,303,SER,239.57,6PWC
A,304,THR,209.39,6PWC
A,305,LEU,192.37,6PWC
A,306,LEU,182.24,6PWC
A,307,ARG,170.89,6PWC
A,308,GLU,182.97,6PWC
A,309,GLY,183.87,6PWC
A,310,ALA,179.15,6PWC
A,311,ASN,213.76,6PWC
A,312,ARG,226.86,6PWC
A,313,GLU,230.87,6PWC
A,314,ILE,232.4,6PWC
A,315,LEU,275.93,6PWC
A,316,GLY,318.41,6PWC
A,317,ILE,350.64,6PWC
A,318,ILE,342.62,6PWC
A,319,VAL,310.9,6PWC
A,320,SER,299.67,6PWC
A,321,TYR,248.36,6PWC
A,322,LYS,211.67,6PWC
A,323,VAL,218.94,6PWC
A,324,LYS,213.97,6PWC
A,325,VAL,233.13,6PWC
A,326,LYS,231.2,6PWC
A,327,LEU,258.92,6PWC
A,328,VAL,292.75,6PWC
A,329,VAL,335.32,6PWC
A,330,SER,327.07,6PWC
A,331,ARG,323.43,6PWC
A,332,GLY,286.02,6PWC
A,333,GLY,260.55,6PWC
A,334,LEU,245.69,6PWC
A,335,LEU,247.39,6PWC
A,336,GLY,263.33,6PWC
A,337,ASP,246.07,6PWC
A,338,LEU,218.34,6PWC
A,339,ALA,219.74,6PWC
A,340,SER,237.71,6PWC
A,341,SER,276.78,6PWC
A,342,ASP,263.61,6PWC
A,343,VAL,280.83,6PWC
A,344,ALA,269.34,6PWC
A,345,VAL,233.96,6PWC
A,346,GLU,220.59,6PWC
A,347,LEU,179.72,6PWC
A,348,PRO,175.28,6PWC
A,349,PHE,205.38,6PWC
A,350,THR,237.05,6PWC
A,351,LEU,246.74,6PWC
A,352,MET,189.55,6PWC
A,353,HIS,143.6,6PWC
A,354,PRO,119.21,6PWC
A,355,LYS,93.44,6PWC
A,356,PRO,90.62,6PWC
R,49,ALA,194.09,6PWC
R,50,PRO,216.15,6PWC
R,51,SER,221.08,6PWC
R,52,SER,233.55,6PWC
R,53,GLU,228.07,6PWC
R,54,LEU,216.85,6PWC
R,55,ASP,220.06,6PWC
R,56,VAL,231.67,6PWC
R,57,ASN,284.36,6PWC
R,58,THR,308.43,6PWC
R,59,ASP,1.28,6PWC
R,60,ILE,1.29,6PWC
R,61,TYR,1.3,6PWC
R,62,SER,1.31,6PWC
R,63,LYS,1.32,6PWC
R,64,VAL,1.33,6PWC
R,65,LEU,1.34,6PWC
R,66,VAL,1.35,6PWC
R,67,THR,1.36,6PWC
R,68,ALA,1.37,6PWC
R,69,VAL,1.38,6PWC
R,70,TYR,1.39,6PWC
R,71,LEU,1.4,6PWC
R,72,ALA,1.41,6PWC
R,73,LEU,1.42,6PWC
R,74,PHE,1.43,6PWC
R,75,VAL,1.44,6PWC
R,76,VAL,1.45,6PWC
R,77,GLY,1.46,6PWC
R,78,THR,1.47,6PWC
R,79,VAL,1.48,6PWC
R,80,GLY,1.49,6PWC
R,81,ASN,1.5,6PWC
R,82,THR,1.51,6PWC
R,83,VAL,1.52,6PWC
R,84,THR,1.53,6PWC
R,85,ALA,1.54,6PWC
R,86,PHE,1.55,6PWC
R,87,THR,1.56,6PWC
R,88,LEU,1.57,6PWC
R,89,ALA,1.58,6PWC
R,90,ARG,1.59,6PWC
R,91,LYS,1.6,6PWC
R,92,LYS,325.74,6PWC
R,93,SER,321.92,6PWC
R,94,LEU,348.61,6PWC
R,95,GLN,367.98,6PWC
R,96,SER,2.34,6PWC
R,97,LEU,2.35,6PWC
R,98,GLN,2.36,6PWC
R,99,SER,2.37,6PWC
R,100,THR,2.38,6PWC
R,101,VAL,2.39,6PWC
R,102,HIS,2.4,6PWC
R,103,TYR,2.41,6PWC
R,104,HIS,2.42,6PWC
R,105,LEU,2.43,6PWC
R,106,GLY,2.44,6PWC
R,107,SER,2.45,6PWC
R,108,LEU,2.46,6PWC
R,109,ALA,2.47,6PWC
R,110,LEU,2.48,6PWC
R,111,SER,2.49,6PWC
R,112,ASP,2.5,6PWC
R,113,LEU,2.51,6PWC
R,114,LEU,2.52,6PWC
R,115,THR,2.53,6PWC
R,116,LEU,2.54,6PWC
R,117,LEU,2.55,6PWC
R,118,LEU,2.56,6PWC
R,119,ALA,2.57,6PWC
R,120,MET,2.58,6PWC
R,121,PRO,2.59,6PWC
R,122,VAL,2.6,6PWC
R,123,GLU,2.61,6PWC
R,124,LEU,2.62,6PWC
R,125,TYR,2.63,6PWC
R,126,ASN,2.64,6PWC
R,127,PHE,2.65,6PWC
R,128,ILE,2.66,6PWC
R,129,TRP,2.67,6PWC
R,130,VAL,2.68,6PWC
R,131,HIS,222.31,6PWC
R,132,HIS,253.49,6PWC
R,133,PRO,23.49,6PWC
R,134,TRP,23.5,6PWC
R,135,ALA,23.51,6PWC
R,136,PHE,23.52,6PWC
R,137,GLY,3.21,6PWC
R,138,ASP,3.22,6PWC
R,139,ALA,3.23,6PWC
R,140,GLY,3.24,6PWC
R,141,CYS,3.25,6PWC
R,142,ARG,3.26,6PWC
R,143,GLY,3.27,6PWC
R,144,TYR,3.28,6PWC
R,145,TYR,3.29,6PWC
R,146,PHE,3.3,6PWC
R,147,LEU,3.31,6PWC
R,148,ARG,3.32,6PWC
R,149,ASP,3.33,6PWC
R,150,ALA,3.34,6PWC
R,151,CYS,3.35,6PWC
R,152,THR,3.36,6PWC
R,153,TYR,3.37,6PWC
R,154,ALA,3.38,6PWC
R,155,THR,3.39,6PWC
R,156,ALA,3.4,6PWC
R,157,LEU,3.41,6PWC
R,158,ASN,3.42,6PWC
R,159,VAL,3.43,6PWC
R,160,ALA,3.44,6PWC
R,161,SER,3.45,6PWC
R,162,LEU,3.46,6PWC
R,163,SER,3.47,6PWC
R,164,VAL,3.48,6PWC
R,165,GLU,3.49,6PWC
R,166,ARG,3.5,6PWC
R,167,TYR,3.51,6PWC
R,168,LEU,3.52,6PWC
R,169,ALA,3.53,6PWC
R,170,ILE,3.54,6PWC
R,171,CYS,3.55,6PWC
R,172,HIS,3.56,6PWC
R,173,PRO,34.5,6PWC
R,174,PHE,34.51,6PWC
R,175,LYS,34.52,6PWC
R,176,ALA,34.53,6PWC
R,177,LYS,34.54,6PWC
R,178,THR,34.55,6PWC
R,179,LEU,34.56,6PWC
R,180,MET,34.57,6PWC
R,181,SER,4.38,6PWC
R,182,ARG,4.39,6PWC
R,183,SER,4.4,6PWC
R,184,ARG,4.41,6PWC
R,185,THR,4.42,6PWC
R,186,LYS,4.43,6PWC
R,187,LYS,4.44,6PWC
R,188,PHE,4.45,6PWC
R,189,ILE,4.46,6PWC
R,190,SER,4.47,6PWC
R,191,ALA,4.48,6PWC
R,192,ILE,4.49,6PWC
R,193,TRP,4.5,6PWC
R,194,LEU,4.51,6PWC
R,195,ALA,4.52,6PWC
R,196,SER,4.53,6PWC
R,197,ALA,4.54,6PWC
R,198,LEU,4.55,6PWC
R,199,LEU,4.56,6PWC
R,200,ALA,4.57,6PWC
R,201,VAL,4.58,6PWC
R,202,PRO,4.59,6PWC
R,203,MET,4.6,6PWC
R,204,LEU,4.61,6PWC
R,205,PHE,4.62,6PWC
R,206,THR,4.63,6PWC
R,207,MET,4.64,6PWC
R,208,GLY,321.98,6PWC
R,209,GLU,274.11,6PWC
R,210,GLN,229.58,6PWC
R,211,ASN,203.53,6PWC
R,212,ARG,196.66,6PWC
R,213,SER,240.67,6PWC
R,214,ALA,280.53,6PWC
R,215,ASP,265.38,6PWC
R,216,GLY,244.57,6PWC
R,217,GLN,220.38,6PWC
R,218,HIS,218.28,6PWC
R,219,ALA,226.93,6PWC
R,220,GLY,220.82,6PWC
R,221,GLY,214.31,6PWC
R,222,LEU,241.6,6PWC
R,223,VAL,270.15,6PWC
R,224,CYS,45.5,6PWC
R,225,THR,45.51,6PWC
R,226,PRO,45.52,6PWC
R,227,THR,332.99,6PWC
R,228,ILE,343.26,6PWC
R,229,HIS,5.31,6PWC
R,230,THR,5.32,6PWC
R,231,ALA,5.33,6PWC
R,232,THR,5.34,6PWC
R,233,VAL,5.35,6PWC
R,234,LYS,5.36,6PWC
R,235,VAL,5.37,6PWC
R,236,VAL,5.38,6PWC
R,237,ILE,5.39,6PWC
R,238,GLN,5.4,6PWC
R,239,VAL,5.41,6PWC
R,240,ASN,5.42,6PWC
R,241,THR,5.43,6PWC
R,242,PHE,5.44,6PWC
R,243,MET,5.45,6PWC
R,244,SER,5.46,6PWC
R,245,PHE,5.47,6PWC
R,246,ILE,5.48,6PWC
R,247,PHE,5.49,6PWC
R,248,PRO,5.5,6PWC
R,249,MET,5.51,6PWC
R,250,VAL,5.52,6PWC
R,251,VAL,5.53,6PWC
R,252,ILE,5.54,6PWC
R,253,SER,5.55,6PWC
R,254,VAL,5.56,6PWC
R,255,LEU,5.57,6PWC
R,256,ASN,5.58,6PWC
R,257,THR,5.59,6PWC
R,258,ILE,5.6,6PWC
R,259,ILE,5.61,6PWC
R,260,ALA,5.62,6PWC
R,261,ASN,5.63,6PWC
R,262,LYS,5.64,6PWC
R,263,LEU,5.65,6PWC
R,264,THR,5.66,6PWC
R,265,VAL,5.67,6PWC
R,266,MET,5.68,6PWC
R,267,VAL,5.69,6PWC
R,268,ARG,5.7,6PWC
R,269,GLN,5.71,6PWC
R,293,GLY,6.25,6PWC
R,294,ARG,6.26,6PWC
R,295,VAL,6.27,6PWC
R,296,GLN,6.28,6PWC
R,297,ALA,6.29,6PWC
R,298,LEU,6.3,6PWC
R,299,ARG,6.31,6PWC
R,300,HIS,6.32,6PWC
R,301,GLY,6.33,6PWC
R,302,VAL,6.34,6PWC
R,303,ARG,6.35,6PWC
R,304,VAL,6.36,6PWC
R,305,LEU,6.37,6PWC
R,306,ARG,6.38,6PWC
R,307,ALA,6.39,6PWC
R,308,VAL,6.4,6PWC
R,309,VAL,6.41,6PWC
R,310,ILE,6.42,6PWC
R,311,ALA,6.43,6PWC
R,312,PHE,6.44,6PWC
R,313,VAL,6.45,6PWC
R,314,VAL,6.46,6PWC
R,315,CYS,6.47,6PWC
R,316,TRP,6.48,6PWC
R,317,LEU,6.49,6PWC
R,318,PRO,6.5,6PWC
R,319,TYR,6.51,6PWC
R,320,HIS,6.52,6PWC
R,321,VAL,6.53,6PWC
R,322,ARG,6.54,6PWC
R,323,ARG,6.55,6PWC
R,324,LEU,6.56,6PWC
R,325,MET,6.57,6PWC
R,326,PHE,6.58,6PWC
R,327,CYS,6.59,6PWC
R,328,TYR,6.6,6PWC
R,329,ILE,6.61,6PWC
R,330,SER,329.8,6PWC
R,331,ASP,323.64,6PWC
R,332,GLU,329.56,6PWC
R,333,GLN,309.24,6PWC
R,334,TRP,298.54,6PWC
R,335,THR,7.24,6PWC
R,336,PRO,7.25,6PWC
R,337,PHE,7.26,6PWC
R,338,LEU,7.27,6PWC
R,339,TYR,7.28,6PWC
R,340,ASP,7.29,6PWC
R,341,PHE,7.3,6PWC
R,342,TYR,7.31,6PWC
R,343,HIS,7.32,6PWC
R,344,TYR,7.33,6PWC
R,345,PHE,7.34,6PWC
R,346,TYR,7.35,6PWC
R,347,MET,7.36,6PWC
R,348,VAL,7.37,6PWC
R,349,THR,7.38,6PWC
R,350,ASN,7.39,6PWC
R,351,ALA,7.4,6PWC
R,352,LEU,7.41,6PWC
R,353,PHE,7.42,6PWC
R,354,TYR,7.43,6PWC
R,355,VAL,7.44,6PWC
R,356,SER,7.45,6PWC
R,357,SER,7.46,6PWC
R,358,THR,7.47,6PWC
R,359,ILE,7.48,6PWC
R,360,ASN,7.49,6PWC
R,361,PRO,7.5,6PWC
R,362,ILE,7.51,6PWC
R,363,LEU,7.52,6PWC
R,364,TYR,7.53,6PWC
R,365,ASN,7.54,6PWC
R,366,LEU,7.55,6PWC
R,367,VAL,7.56,6PWC
R,368,SER,8.47,6PWC
R,369,ALA,8.48,6PWC
R,370,ASN,8.49,6PWC
R,371,PHE,8.5,6PWC
R,372,ARG,8.51,6PWC
R,373,HIS,8.52,6PWC
R,374,ILE,8.53,6PWC
R,375,PHE,8.54,6PWC
R,376,LEU,8.55,6PWC
R,377,ALA,8.56,6PWC
R,378,THR,8.57,6PWC
R,379,LEU,8.58,6PWC
R,380,ALA,8.59,6PWC
R,381,CYS,8.6,6PWC
R,382,LEU,8.61,6PWC
R,383,CYS,8.62,6PWC
